,Rk,Player,Age,Team,Pos,G,GS,Tgt,Rec,Yds,1D,YBC,YBC/R,YAC,YAC/R,ADOT,BrkTkl,Rec/Br,Drop,Drop%,Int,Rat,Awards,-9999,great_season_probability_prediction
32,33,Michael Pittman Jr.,27,IND,WR,16,14,111,69,808,35,549,8.0,259,3.8,11.0,3,23.0,1,0.9,4,78.2,,PittMi01,0.60757
15,16,Jakobi Meyers,28,LVR,WR,15,15,129,87,1027,52,734,8.4,293,3.4,9.6,4,21.8,1,0.8,3,92.1,,MeyeJa01,0.5518573
20,21,Tyreek Hill,30,MIA,WR,17,17,123,81,959,54,667,8.2,292,3.6,11.4,1,81.0,2,1.6,3,95.5,,HillTy00,0.4144911
47,48,Jordan Addison,22,MIN,WR,15,15,99,63,875,39,662,10.5,213,3.4,13.0,3,21.0,2,2.0,2,113.8,,AddiJo00,0.24695215
9,10,Jaxon Smith-Njigba,22,SEA,WR,17,16,137,100,1130,57,653,6.5,477,4.8,8.7,4,25.0,5,3.6,4,99.7,PB,SmitJa06,0.22179665
0,1,Ja'Marr Chase,24,CIN,WR,17,16,175,127,1708,75,921,7.3,787,6.2,8.7,11,11.5,9,5.1,7,118.9,PBAP-1AP MVP-8AP OPoY-3,ChasJa00,0.21074054
37,38,Cooper Kupp,31,LAR,WR,12,11,100,67,710,28,441,6.6,269,4.0,7.5,2,33.5,2,2.0,0,107.5,,KuppCo00,0.19384137
58,59,Jameson Williams,23,DET,WR,15,11,91,58,1001,41,504,8.7,497,8.6,11.2,2,29.0,3,3.3,3,112.9,AP CPoY-19,WillJa11,0.1800502
30,31,Josh Downs,23,IND,WR,14,8,107,72,803,40,407,5.7,396,5.5,6.9,3,24.0,5,4.7,3,93.3,,DownJo00,0.16967888
17,18,Davante Adams,32,2TM,WR,14,14,141,85,1063,49,590,6.9,473,5.6,8.2,7,12.1,6,4.3,3,93.8,,AdamDa01,0.16773243
157,156,Demarcus Robinson,30,LAR,WR,17,17,64,31,505,27,434,14.0,71,2.3,14.2,1,31.0,1,1.6,4,85.7,,RobiDe01,0.14233157
173,172,Christian Kirk,28,JAX,WR,8,7,47,27,379,18,266,9.9,113,4.2,13.7,1,27.0,1,2.1,2,72.9,,KirkCh01,0.1329149
1,2,Amon-Ra St. Brown,25,DET,WR,17,17,141,115,1263,73,851,7.4,412,3.6,7.7,3,38.3,4,2.8,1,129.4,PBAP-1AP OPoY-11,StxxAm00,0.13237108
41,42,D.K. Metcalf,27,SEA,WR,15,12,108,66,992,35,729,11.0,263,4.0,13.1,3,22.0,4,3.7,2,99.0,,MetcDK00,0.12815207
35,36,DeVonta Smith,26,PHI,WR,13,13,89,68,833,42,534,7.9,299,4.4,9.1,0,,2,2.2,3,120.7,,SmitDe07,0.12053038
31,32,Keenan Allen,32,CHI,WR,15,15,121,70,744,43,504,7.2,240,3.4,9.0,1,70.0,6,5.0,0,95.2,,AlleKe00,0.11729767
99,99,Amari Cooper,30,CLE,WR,6,6,53,24,250,11,193,8.0,57,2.4,12.1,1,24.0,10,18.9,1,64.2,,CoopAm00,0.11673379
79,80,Xavier Legette,23,CAR,WR,16,13,84,49,497,27,385,7.9,112,2.3,12.3,2,24.5,7,8.3,1,86.3,,LegeXa00,0.11673379
50,51,Elijah Moore,24,CLE,WR,17,13,102,61,538,25,405,6.6,133,2.2,9.3,1,61.0,5,4.9,8,44.5,,MoorEl00,0.10730095
141,140,Tim Patrick,31,DET,WR,16,9,44,33,394,20,253,7.7,141,4.3,10.0,2,16.5,1,2.3,2,105.7,AP CPoY-6,PatrTi00,0.097883694
231,230,DJ Turner,27,LVR,WR,12,6,29,16,158,9,75,4.7,83,5.2,8.8,2,8.0,1,3.4,2,53.5,,TurnDJ00,0.093734264
111,110,Devaughn Vele,27,DEN,WR,13,7,55,41,475,26,348,8.5,127,3.1,8.4,0,,3,5.5,0,118.4,,VeleDe00,0.090723604
12,13,Wan'Dale Robinson,23,NYG,WR,17,7,140,93,699,36,338,3.6,361,3.9,4.8,9,10.3,6,4.3,2,79.4,,RobiWa01,0.08899689
85,86,Stefon Diggs,31,HOU,WR,8,8,64,47,496,31,311,6.6,185,3.9,8.7,3,15.7,3,4.7,1,104.7,,DiggSt00,0.08899689
116,115,Tyler Boyd,30,TEN,WR,16,8,57,39,390,20,201,5.2,189,4.8,7.4,2,19.5,3,5.3,3,65.7,,BoydTy00,0.08769256
22,23,Puka Nacua,23,LAR,WR,11,11,106,79,990,47,472,6.0,518,6.6,7.9,10,7.9,1,0.9,1,108.6,,NacuPu00,0.08482595
76,77,Chris Godwin,28,TAM,WR,7,7,62,50,576,33,226,4.5,350,7.0,5.7,4,12.5,2,3.2,1,125.5,,GodwCh00,0.08482595
26,27,Khalil Shakir,24,BUF,WR,15,9,100,76,821,35,224,2.9,597,7.9,5.5,6,12.7,1,1.0,1,108.8,,ShakKh00,0.08482595
10,11,D.J. Moore,27,CHI,WR,17,17,140,98,966,43,378,3.9,588,6.0,7.5,5,19.6,3,2.1,3,94.5,,MoorD.00,0.08482595
19,20,Terry McLaurin,29,WAS,WR,17,17,117,82,1096,56,804,9.8,292,3.6,13.4,2,41.0,4,3.4,1,133.0,PBAP-2,McLaTe00,0.08164502
16,17,Brian Thomas,22,JAX,WR,17,16,133,87,1282,53,720,8.3,562,6.5,11.4,0,,7,5.3,5,106.2,PBAP ORoY-4,ThomBr06,0.07981748
28,29,Zay Flowers,24,BAL,WR,17,15,116,74,1059,48,596,8.1,463,6.3,10.0,7,10.6,6,5.2,0,104.8,PB,FlowZa00,0.07981748
180,179,Van Jefferson,28,PIT,WR,17,12,40,24,276,12,198,8.3,78,3.3,11.6,0,,0,0.0,0,97.5,,JeffVa00,0.07944558
175,174,Brandin Cooks,31,DAL,WR,10,9,54,26,259,19,204,7.8,55,2.1,11.7,0,,1,1.9,2,65.3,,CookBr00,0.07944558
169,168,Troy Franklin,21,DEN,WR,16,6,53,28,263,11,100,3.6,163,5.8,13.0,1,28.0,3,5.7,1,71.5,,FranTr00,0.07618675
207,206,Jahan Dotson,24,PHI,WR,17,6,33,19,216,12,144,7.6,72,3.8,9.9,0,,0,0.0,0,77.3,,DotsJa00,0.075852394
4,5,Malik Nabers,21,NYG,WR,15,13,170,109,1204,55,742,6.8,462,4.2,9.1,8,13.6,9,5.3,2,93.8,PBAP ORoY-5,NabeMa00,0.075631015
225,224,Jonathan Mingo,23,2TM,WR,17,6,42,17,167,6,100,5.9,67,3.9,10.5,1,17.0,2,4.8,1,42.5,,MingJo00,0.07550889
62,63,Quentin Johnston,23,LAC,WR,15,11,91,55,711,32,405,7.4,306,5.6,10.8,8,6.9,7,7.7,1,109.7,,JohnQu02,0.07314791
90,91,Tre Tucker,23,LVR,WR,17,14,81,47,539,24,331,7.0,208,4.4,12.7,3,15.7,2,2.5,1,85.4,,TuckTr00,0.06922388
6,7,CeeDee Lamb,25,DAL,WR,15,15,152,101,1194,54,657,6.5,537,5.3,7.6,11,9.2,7,4.6,6,86.9,PBAP-2,LambCe00,0.06903896
49,50,Ray-Ray McCloud,28,ATL,WR,17,13,87,62,686,29,351,5.7,335,5.4,6.8,1,62.0,3,3.4,3,83.8,,McClRa00,0.068268076
130,129,Calvin Austin III,25,PIT,WR,17,8,58,36,548,18,396,11.0,152,4.2,12.4,1,36.0,3,5.2,0,116.2,,AustCa00,0.06694305
91,92,Michael Wilson,24,ARI,WR,16,13,71,47,548,27,418,8.9,130,2.8,11.4,1,47.0,3,4.2,3,90.6,,WilsMi02,0.06638262
83,84,Adam Thielen,34,CAR,WR,10,10,62,48,615,28,463,9.6,152,3.2,11.0,1,48.0,2,3.2,4,107.9,,ThieAd00,0.06638262
166,165,Cedric Tillman,24,CLE,WR,11,6,49,29,339,15,235,8.1,104,3.6,11.1,4,7.3,3,6.1,2,83.6,,TillCe01,0.063046806
33,34,Nico Collins,25,HOU,WR,12,12,99,68,1006,48,641,9.4,365,5.4,10.7,2,34.0,3,3.0,5,104.2,PB,CollNi00,0.061201252
150,149,Chris Olave,24,NOR,WR,8,8,44,32,400,22,279,8.7,121,3.8,10.3,1,32.0,2,4.5,2,89.2,,OlavCh00,0.058833826
216,215,Marquez Valdes-Scantling,30,2TM,WR,14,8,44,19,411,14,268,14.1,143,7.5,17.4,1,19.0,2,4.5,1,97.8,,ValdMa00,0.057724986
7,8,Garrett Wilson,24,NYJ,WR,17,17,154,101,1104,60,662,6.6,442,4.4,9.1,7,14.4,7,4.5,5,88.2,,WilsGa00,0.054013714
38,39,Demario Douglas,24,NWE,WR,17,7,87,66,621,31,262,4.0,359,5.4,5.9,2,33.0,7,8.0,2,97.0,,DougDe00,0.05251038
46,47,Calvin Ridley,30,TEN,WR,17,14,120,64,1017,40,786,12.3,231,3.6,15.3,4,16.0,6,5.0,4,79.1,,RidlCa00,0.05206146
220,219,JuJu Smith-Schuster,28,KAN,WR,14,8,26,18,231,11,76,4.2,155,8.6,5.6,4,4.5,2,7.7,1,106.4,,SmitJu00,0.050949156
155,154,Lil'Jordan Humphrey,26,DEN,WR,17,7,45,31,293,12,101,3.3,192,6.2,6.5,3,10.3,3,6.7,2,75.5,,HumpLi01,0.050949156
96,97,Olamide Zaccheaus,27,WAS,WR,17,6,64,45,506,26,222,4.9,284,6.3,6.3,7,6.4,5,7.8,0,109.2,,ZaccOl01,0.050949156
73,74,Deebo Samuel,28,SFO,WR,15,15,81,51,670,28,249,4.9,421,8.3,6.6,8,6.4,6,7.4,1,96.2,,SamuDe00,0.050949156
56,57,Xavier Worthy,21,KAN,WR,17,13,98,59,638,36,231,3.9,407,6.9,9.2,0,,7,7.1,2,91.3,,WortXa00,0.049837578
144,143,Diontae Johnson,28,3TM,WR,12,8,67,33,375,21,284,8.6,91,2.8,10.9,1,33.0,3,4.5,5,50.3,,JohnDi01,0.049295336
27,28,Mike Evans,31,TAM,WR,14,14,110,74,1004,53,778,10.5,226,3.1,11.6,2,37.0,4,3.6,5,110.6,PB,EvanMi00,0.049295336
36,37,A.J. Brown,27,PHI,WR,13,13,97,67,1079,51,726,10.8,353,5.3,12.1,9,7.4,0,0.0,2,121.5,AP-2,BrowAJ00,0.04747579
5,6,Justin Jefferson,25,MIN,WR,17,17,154,103,1533,62,1046,10.2,487,4.7,10.9,5,20.6,5,3.2,5,107.4,PBAP-1AP OPoY-7,JeffJu00,0.04657871
80,81,Tyler Lockett,32,SEA,WR,17,14,74,49,600,36,466,9.5,134,2.7,10.7,1,49.0,4,5.4,4,77.5,,LockTy00,0.04545054
153,152,Nick Westbrook-Ikhine,27,TEN,WR,17,9,60,32,497,25,373,11.7,124,3.9,11.5,2,16.0,4,6.7,3,99.8,,WestNi00,0.044823073
94,95,Rashod Bateman,25,BAL,WR,17,14,72,45,756,35,572,12.7,184,4.1,13.6,0,,4,5.6,2,125.9,,BateRa00,0.044823073
57,58,Jaylen Waddle,26,MIA,WR,15,15,83,58,744,38,508,8.8,236,4.1,10.0,0,,8,9.6,3,90.6,,WaddJa00,0.044823073
170,169,Jalen Nailor,25,MIN,WR,17,7,42,28,414,22,308,11.0,106,3.8,11.5,0,,4,9.5,0,138.3,,NailJa00,0.044823073
128,127,Jalen McMillan,23,TAM,WR,13,12,58,37,461,23,328,8.9,133,3.6,12.2,1,37.0,4,6.9,6,88.4,,McMiJa01,0.044488378
21,22,Courtland Sutton,29,DEN,WR,17,13,135,81,1081,57,902,11.1,179,2.2,13.2,1,81.0,9,6.7,6,86.7,,SuttCo00,0.044488378
101,100,Kayshon Boutte,22,NWE,WR,15,13,68,43,589,25,439,10.2,150,3.5,14.5,1,43.0,4,5.9,2,93.3,,BoutKa00,0.044488378
98,99,Amari Cooper,30,2TM,WR,14,10,85,44,547,25,436,9.9,111,2.5,12.3,1,44.0,12,14.1,2,77.9,,CoopAm00,0.044488378
164,163,Keon Coleman,21,BUF,WR,13,12,57,29,556,22,341,11.8,215,7.4,15.2,4,7.3,4,7.0,2,93.9,,ColeKe02,0.04339549
236,235,Nelson Agholor,31,BAL,WR,14,7,29,14,231,10,146,10.4,85,6.1,13.4,1,14.0,4,13.8,0,98.5,,AghoNe00,0.04339549
63,64,Jayden Reed,24,GNB,WR,17,10,75,55,857,29,477,8.7,380,6.9,9.1,3,18.3,9,12.0,0,137.5,,ReedJa03,0.04339549
168,167,Kendrick Bourne,29,NWE,WR,12,9,38,28,305,13,211,7.5,94,3.4,9.3,0,,4,10.5,0,105.7,,BourKe00,0.039960276
152,151,Parker Washington,22,JAX,WR,17,7,51,32,390,19,282,8.8,108,3.4,11.2,2,16.0,1,2.0,1,97.7,,WashPa01,0.038131535
81,82,Jalen Tolbert,25,DAL,WR,17,15,79,49,610,29,444,9.1,166,3.4,11.5,0,,3,3.8,2,104.9,,TolbJa00,0.038131535
8,9,Drake London,23,ATL,WR,17,17,158,100,1271,67,944,9.4,327,3.3,10.9,6,16.7,5,3.2,8,86.2,,LondDr00,0.038131535
60,61,DeAndre Hopkins,32,2TM,WR,16,8,80,56,610,35,501,8.9,109,1.9,10.4,3,18.7,2,2.5,2,102.6,,HopkDe00,0.038131535
199,198,Gabriel Davis,25,JAX,WR,10,9,42,20,239,13,200,10.0,39,2.0,13.2,0,,0,0.0,2,61.5,,DaviGa01,0.038131535
129,128,Alec Pierce,24,IND,WR,16,13,69,37,824,32,706,19.1,118,3.2,21.5,0,,3,4.3,4,106.2,,PierAl00,0.038131535
29,30,Tee Higgins,25,CIN,WR,12,9,109,73,911,48,683,9.4,228,3.1,9.8,7,10.4,3,2.8,1,119.5,,HiggTe00,0.038131535
25,26,Jauan Jennings,27,SFO,WR,15,10,113,77,975,47,737,9.6,238,3.1,9.9,5,15.4,5,4.4,3,101.5,,JennJa00,0.038131535
48,49,Marvin Harrison Jr.,22,ARI,WR,17,16,116,62,885,43,737,11.9,148,2.4,13.4,0,,5,4.3,4,87.0,,HarrMa09,0.038131535
18,19,Ladd McConkey,23,LAC,WR,16,14,112,82,1149,52,759,9.3,390,4.8,9.9,10,8.2,5,4.5,1,123.0,AP ORoY-9,McCoLa00,0.03808675
167,166,Christian Watson,25,GNB,WR,15,15,53,29,620,21,471,16.2,149,5.1,17.8,0,,2,3.8,2,93.3,,WatsCh00,0.03808675
193,192,Justin Watson,28,KAN,WR,17,7,32,22,289,13,221,10.0,68,3.1,15.1,0,,2,6.3,0,117.8,,WatsJu01,0.03746567
154,153,Mack Hollins,31,BUF,WR,17,13,50,31,378,25,288,9.3,90,2.9,11.1,0,,3,6.0,0,118.6,,HollMa00,0.03746567
55,56,George Pickens,23,PIT,WR,14,12,103,59,900,37,685,11.6,215,3.6,13.3,4,14.8,6,5.8,2,87.8,,PickGe00,0.03746567
137,136,Noah Brown,28,WAS,WR,11,9,56,35,453,21,370,10.6,83,2.4,11.4,0,,4,7.1,1,86.4,,BrowNo00,0.03746567
132,131,Andrei Iosivas,25,CIN,WR,17,8,61,36,479,26,412,11.4,67,1.9,11.2,0,,5,8.2,1,109.9,,IosiAn00,0.03746567
121,120,Darius Slayton,27,NYG,WR,16,13,71,39,573,30,449,11.5,124,3.2,13.1,4,9.8,4,5.6,2,79.1,,SlayDa01,0.03746567
120,119,Josh Palmer,25,LAC,WR,15,7,65,39,584,28,483,12.4,101,2.6,15.2,0,,4,6.2,1,88.2,,PalmJo00,0.03746567
71,72,Tank Dell,25,HOU,WR,14,10,81,51,667,35,503,9.9,164,3.2,12.5,3,17.0,6,7.4,3,85.8,,DellNa00,0.03746567
92,93,Romeo Doubs,24,GNB,WR,13,12,72,46,601,33,466,10.1,135,2.9,12.3,4,11.5,7,9.7,2,97.0,,DoubRo00,0.03746567
44,45,Darnell Mooney,27,ATL,WR,16,16,106,64,992,48,717,11.2,275,4.3,12.2,6,10.7,6,5.7,2,99.3,,MoonDa00,0.037421636
178,177,Brandon Aiyuk,26,SFO,WR,7,7,47,25,374,19,267,10.7,107,4.3,11.9,2,12.5,4,8.5,2,61.8,,AiyuBr00,0.037421636
13,14,Jerry Jeudy,25,CLE,WR,17,16,145,90,1229,57,842,9.4,387,4.3,11.1,0,,13,9.0,3,89.7,PB,JeudJe00,0.037421636
188,187,Adonai Mitchell,22,IND,WR,17,7,55,23,312,16,211,9.2,101,4.4,14.1,0,,4,7.3,0,60.6,,MitcAd00,0.037421636
127,126,Allen Lazard,29,NYJ,WR,12,10,60,37,530,29,375,10.1,155,4.2,11.0,0,,6,10.0,2,109.7,,LazaAl00,0.037421636
65,66,Rome Odunze,22,CHI,WR,17,12,101,54,734,37,481,8.9,253,4.7,13.9,4,13.5,6,5.9,1,82.7,,OdunRo00,0.037421636
263,262,Ja'Lynn Polk,22,NWE,WR,15,7,33,12,87,4,74,6.2,13,1.1,11.5,0,,4,12.1,1,52.5,,PolkJa00,0.036283728
