,Rk,Player,Tm,FantPos,Age,G,GS,Cmp,Att,Yds,TD,Int,Att.1,Yds.1,Y/A,TD.1,Tgt,Rec,Yds.2,Y/R,TD.2,Fmb,FL,TD.3,2PM,2PP,FantPt,PPR,DKPt,FDPt,VBD,PosRank,OvRank,-9999
2,3,Josh Allen,BUF,QB,27,17,17,385,579,4306,29,18,111,524,4.72,15,0,0,0,,0,7,4,15,,3.0,393.0,392.6,420.6,410.6,122.0,1,3.0,AlleJo02
4,5,Jalen Hurts*,PHI,QB,25,17,17,352,538,3858,23,15,157,605,3.85,15,0,0,0,,0,9,5,15,,,357.0,356.8,382.8,371.8,89.0,2,5.0,HurtJa00
7,8,Dak Prescott*,DAL,QB,30,17,17,410,590,4516,36,9,55,242,4.4,2,0,0,0,,0,4,2,2,,2.0,343.0,342.8,359.8,351.8,76.0,3,8.0,PresDa01
9,10,Lamar Jackson*+,BAL,QB,26,16,16,307,457,3678,24,7,148,821,5.55,5,0,0,0,,0,11,6,5,,1.0,331.0,331.2,350.2,338.2,65.0,4,10.0,JackLa00
17,18,Jordan Love,GNB,QB,25,17,17,372,579,4159,32,11,50,247,4.94,4,0,0,0,,0,9,3,4,,2.0,319.0,319.1,339.1,330.1,53.0,5,18.0,LoveJo03
30,31,Brock Purdy*,SFO,QB,24,16,16,308,444,4280,31,11,39,144,3.69,2,0,0,0,,0,6,2,2,,,296.0,295.6,314.6,306.6,31.0,6,31.0,PurdBr00
39,40,Jared Goff,DET,QB,29,17,17,407,605,4575,30,12,32,21,0.66,2,0,0,0,,0,6,4,2,,2.0,289.0,289.1,308.1,301.1,25.0,7,40.0,GoffJa00
49,50,Patrick Mahomes*,KAN,QB,28,16,16,401,597,4183,27,14,75,389,5.19,0,0,0,0,,0,5,3,0,,,280.0,280.2,303.2,294.2,17.0,8,50.0,MahoPa00
57,58,C.J. Stroud*,HOU,QB,22,15,15,319,499,4108,23,5,39,167,4.28,3,1,1,0,0.0,0,8,4,3,1.0,,275.0,276.0,291.0,280.5,12.0,9,58.0,StroCJ00
59,60,Baker Mayfield*,TAM,QB,28,17,17,364,566,4044,28,10,62,163,2.63,1,0,0,0,,0,8,3,1,,2.0,274.0,274.1,293.1,284.1,11.0,10,60.0,MayfBa00
65,66,Tua Tagovailoa*,MIA,QB,25,17,17,388,560,4624,29,14,35,74,2.11,0,0,0,0,,0,13,5,0,,,270.0,270.4,292.4,284.4,7.0,11,66.0,TagoTu00
75,76,Trevor Lawrence,JAX,QB,24,16,16,370,564,4016,21,14,70,339,4.84,4,0,0,0,,0,12,7,4,,1.0,263.0,262.5,289.5,276.5,,12,76.0,LawrTr00
76,77,Sam Howell,WAS,QB,23,17,17,388,612,3946,21,21,48,263,5.48,5,1,1,4,4.0,0,4,2,5,1.0,1.0,257.0,257.5,286.5,278.0,,14,77.0,HoweSa00
77,78,Russell Wilson,DEN,QB,35,15,15,297,447,3070,26,8,80,341,4.26,3,0,0,0,,0,10,5,3,,2.0,257.0,256.9,275.9,264.9,,13,78.0,WilsRu00
78,79,Matthew Stafford*,LAR,QB,35,15,15,326,521,3965,24,11,21,65,3.1,0,0,0,0,,0,0,0,0,1.0,1.0,243.0,243.1,257.1,254.1,,15,,StafMa00
79,80,Derek Carr,NOR,QB,32,17,17,375,548,3878,25,8,32,40,1.25,0,0,0,0,,0,7,3,0,,2.0,241.0,241.1,255.1,249.1,,16,,CarrDe02
80,81,Justin Herbert,LAC,QB,25,13,13,297,456,3134,20,7,52,228,4.38,3,1,1,10,10.0,0,4,1,3,,1.0,233.0,234.2,248.2,240.7,,17,,HerbJu00
81,82,Justin Fields,CHI,QB,24,13,13,227,370,2562,16,9,124,657,5.3,4,0,0,0,,0,10,4,4,,,230.0,230.2,249.2,239.2,,18,,FielJu00
82,83,Geno Smith*,SEA,QB,33,15,15,323,499,3624,20,9,37,155,4.19,1,1,1,-2,-2.0,0,5,3,1,,2.0,226.0,227.3,245.3,235.8,,19,,SmitGe00
83,84,Joshua Dobbs,2TM,QB,28,13,12,262,417,2464,13,10,77,421,5.47,6,0,0,0,,0,14,7,6,2.0,1.0,201.0,200.7,223.7,210.7,,20,,DobbJo00
84,85,Gardner Minshew II*,IND,QB,27,17,13,305,490,3305,15,9,34,100,2.94,3,0,0,0,,0,8,5,3,,2.0,196.0,196.2,216.2,205.2,,21,,MinsGa00
85,86,Desmond Ridder,ATL,QB,24,15,13,249,388,2836,12,12,53,193,3.64,5,1,1,-6,-6.0,0,12,7,5,,2.0,176.0,177.1,202.1,188.6,,22,,RiddDe00
87,88,Bryce Young,CAR,QB,22,16,16,315,527,2877,11,10,39,253,6.49,0,0,0,0,,0,11,6,0,1.0,1.0,156.0,156.4,178.4,166.4,,23,,YounBr01
88,89,Kirk Cousins,MIN,QB,35,8,8,216,311,2331,18,5,14,25,1.79,0,0,0,0,,0,7,4,0,,,150.0,149.7,161.7,154.7,,24,,CousKi00
89,90,Joe Burrow,CIN,QB,27,10,10,244,365,2309,15,6,31,88,2.84,0,0,0,0,,0,2,1,0,,,147.0,147.2,157.2,153.2,,25,,BurrJo01
90,91,Kyler Murray,ARI,QB,26,8,8,176,268,1799,10,5,44,244,5.55,3,0,0,0,,0,7,0,3,,1.0,146.0,146.4,157.4,151.4,,26,,MurrKy00
93,94,Jake Browning,CIN,QB,27,9,7,171,243,1936,12,7,27,127,4.7,3,1,1,-7,-7.0,0,3,0,3,,1.0,143.0,144.4,157.4,150.9,,27,,BrowJa08
104,105,Aidan O'Connell,LVR,QB,25,11,10,213,343,2218,12,7,17,11,0.65,1,0,0,0,,0,4,2,1,,,126.0,125.8,137.8,132.8,,28,,OConAi00
108,109,Zach Wilson,NYJ,QB,24,12,11,221,368,2271,8,7,36,211,5.86,0,0,0,0,,0,11,7,0,1.0,1.0,120.0,119.9,139.9,126.9,,29,,WilsZa00
114,115,Kenny Pickett,PIT,QB,25,12,12,201,324,2070,6,4,42,54,1.29,1,0,0,0,,0,2,0,1,,,110.0,110.2,117.2,114.2,,30,,PickKe00
117,118,Mac Jones,NWE,QB,25,11,11,224,345,2120,10,12,26,96,3.69,0,0,0,0,,0,3,2,0,,,106.0,106.4,123.4,118.4,,31,,JoneMa05
124,125,Will Levis,TEN,QB,24,9,9,149,255,1808,8,4,25,57,2.28,1,0,0,0,,0,7,4,1,,1.0,102.0,102.0,113.0,106.0,,32,,LeviWi00
126,127,Joe Flacco,CLE,QB,38,5,5,123,204,1616,13,8,9,2,0.22,0,0,0,0,,0,4,1,0,,1.0,101.0,100.8,112.8,108.8,,33,,FlacJo00
131,132,Tommy DeVito,NYG,QB,25,9,6,114,178,1101,8,3,36,195,5.42,1,0,0,0,,0,2,1,1,,,94.0,93.5,103.5,96.5,,34,,DeViTo00
138,139,Tyrod Taylor,NYG,QB,34,11,5,116,180,1341,5,3,38,197,5.18,0,0,0,0,,0,4,0,0,,,87.0,87.3,96.3,90.3,,35,,TaylTy00
139,140,Deshaun Watson,CLE,QB,28,6,6,105,171,1115,7,4,26,142,5.46,1,0,0,0,,0,5,2,1,3.0,,87.0,86.8,98.8,90.8,,36,,WatsDe00
147,148,Ryan Tannehill,TEN,QB,35,10,8,149,230,1616,4,7,17,74,4.35,1,1,0,0,,0,4,0,1,,,80.0,80.0,90.0,87.0,,37,,TannRy00
163,164,Anthony Richardson,IND,QB,21,4,4,50,84,577,3,1,25,136,5.44,4,0,0,0,,0,3,1,4,,2.0,73.0,72.7,80.7,73.7,,38,,RichAn03
174,175,Bailey Zappe,NWE,QB,24,10,6,127,212,1272,6,9,17,83,4.88,1,0,0,0,,0,2,1,1,,,69.0,69.2,82.2,78.2,,39,,ZappBa00
176,177,Easton Stick,LAC,QB,28,5,4,111,174,1129,3,1,27,144,5.33,1,0,0,0,,0,5,4,1,,,68.0,67.6,78.6,68.6,,40,,SticEa00
178,179,Nick Mullens,MIN,QB,28,5,3,100,148,1306,7,8,10,25,2.5,0,0,0,0,,0,2,0,0,,,67.0,66.7,77.7,74.7,,41,,MullNi00
179,180,Taylor Heinicke,ATL,QB,30,5,4,74,136,890,5,4,15,124,8.27,1,0,0,0,,0,1,0,1,,,66.0,66.0,76.0,70.0,,42,,HeinTa00
182,183,Jimmy Garoppolo,LVR,QB,32,7,6,110,169,1205,7,9,20,39,1.95,0,0,0,0,,0,1,0,0,,1.0,64.0,64.1,76.1,73.1,,43,,GaroJi00
200,201,Daniel Jones,NYG,QB,26,6,6,108,160,909,2,6,40,206,5.15,1,0,0,0,,0,4,1,1,,,57.0,57.0,70.0,63.0,,44,,JoneDa05
208,209,Tyson Bagent,CHI,QB,23,5,4,94,143,859,3,6,23,109,4.74,2,0,0,0,,0,3,2,2,,,53.0,53.3,67.3,59.3,,45,,BageTy00
216,217,Mitchell Trubisky,PIT,QB,29,5,2,67,107,632,4,5,16,54,3.38,2,0,0,0,,0,1,1,2,,1.0,49.0,48.7,57.7,53.7,,46,,TrubMi00
239,240,Mason Rudolph,PIT,QB,28,4,3,55,74,719,3,0,10,8,0.8,0,0,0,0,,0,3,1,0,,,40.0,39.6,43.6,39.6,,47,,RudoMa00
277,278,Drew Lock,SEA,QB,27,4,2,48,76,543,3,3,5,14,2.8,0,0,0,0,,0,0,0,0,,,29.0,29.1,35.1,32.1,,48,,LockDr00
287,288,Trevor Siemian,NYJ,QB,32,5,3,86,153,724,2,4,11,40,3.64,0,0,0,0,,0,5,3,0,,,27.0,27.0,37.0,31.0,,49,,SiemTr00
288,289,Jarrett Stidham,DEN,QB,27,3,2,40,66,496,2,1,9,8,0.89,0,0,0,0,,0,1,0,0,,,27.0,26.6,30.6,27.6,,50,,StidJa00
293,294,Tyler Huntley,BAL,QB,25,5,1,21,37,203,3,0,15,55,3.67,0,0,0,0,,0,0,0,0,,,26.0,25.6,25.6,25.6,,52,,HuntTy01
295,296,Carson Wentz,LAR,QB,31,2,1,17,24,163,2,1,17,56,3.29,1,0,0,0,,0,0,0,1,,1.0,26.0,26.1,27.1,27.1,,51,,WentCa00
312,313,Andy Dalton,CAR,QB,36,3,1,34,58,361,2,0,3,12,4.0,0,0,0,0,,0,0,0,0,,,24.0,23.6,26.6,23.6,,53,,DaltAn00
315,316,Jacoby Brissett,WAS,QB,31,3,0,18,23,224,3,0,3,19,6.33,0,0,0,0,,0,0,0,0,,,23.0,22.9,22.9,22.9,,55,,BrisJa00
317,318,Sam Darnold,SFO,QB,26,10,1,28,46,297,2,1,21,15,0.71,1,0,0,0,,0,3,1,1,,,23.0,23.4,25.4,24.4,,54,,DarnSa00
330,331,Dorian Thompson-Robinson,CLE,QB,24,8,3,60,112,440,1,4,14,65,4.64,0,0,0,0,,0,2,0,0,1.0,,22.0,22.1,29.1,26.1,,56,,ThomDo02
331,332,C.J. Beathard,JAX,QB,30,7,1,40,53,349,1,0,8,35,4.38,0,0,0,0,,0,1,0,0,,,21.0,21.5,24.5,21.5,,57,,BeatC.00
336,337,P.J. Walker,CLE,QB,28,6,2,54,111,674,1,5,13,30,2.31,0,0,0,0,,0,4,2,0,,,20.0,20.0,30.0,25.0,,58,,WalkPh00
346,347,Davis Mills,HOU,QB,25,6,0,18,39,173,2,0,2,9,4.5,0,0,0,0,,0,0,0,0,,1.0,18.0,17.8,17.8,17.8,,59,,MillDa02
371,372,Jeff Driskel,CLE,QB,30,1,1,13,26,166,2,2,7,33,4.71,0,0,0,0,,0,0,0,0,,,14.0,13.9,15.9,15.9,,60,,DrisJe00
386,387,Marcus Mariota,PHI,QB,30,3,0,15,23,164,1,1,8,52,6.5,0,0,0,0,,0,1,1,0,,,12.0,11.8,13.8,12.8,,62,,MariMa01
392,393,Jameis Winston,NOR,QB,29,7,0,25,47,264,2,3,5,-6,-1.2,0,0,0,0,,0,0,0,0,,,12.0,12.0,15.0,15.0,,61,,WinsJa00
395,396,Tim Boyle,NYJ,QB,29,3,2,48,77,360,1,4,4,5,1.25,0,0,0,0,,0,2,0,0,,,11.0,10.9,17.9,14.9,,63,,BoylTi00
407,408,Case Keenum,HOU,QB,35,2,2,34,53,291,1,3,2,1,0.5,0,0,0,0,,0,1,0,0,,,10.0,9.7,12.7,12.7,,64,,KeenCa00
433,434,Clayton Tune,ARI,QB,24,7,1,12,21,62,0,2,8,30,3.75,1,0,0,0,,0,2,1,1,1.0,,7.0,7.5,10.5,9.5,,65,,TuneCl00
438,439,Blaine Gabbert,KAN,QB,34,2,1,18,35,185,0,3,7,45,6.43,0,0,0,0,,0,0,0,0,,,6.0,5.9,8.9,8.9,,66,,GabbBl00
447,448,Brian Hoyer,LVR,QB,38,3,1,23,42,231,0,2,3,-3,-1.0,0,0,0,0,,0,0,0,0,,,5.0,4.9,6.9,6.9,,67,,HoyeBr00
450,451,Brett Rypien,LAR,QB,27,2,1,18,38,172,0,1,3,19,6.33,0,0,0,0,,0,2,1,0,,,5.0,4.8,6.8,5.8,,68,,RypiBr00
472,473,Cooper Rush,DAL,QB,30,7,0,18,24,144,0,1,12,-5,-0.42,0,0,0,0,,0,0,0,0,,,3.0,3.3,4.3,4.3,,69,,RushCo00
476,477,Malik Willis,TEN,QB,24,3,0,4,5,74,0,0,5,21,4.2,0,0,0,0,,0,1,1,0,,,3.0,3.1,4.1,3.1,,70,,WillMa12
488,489,Jaren Hall,MIN,QB,25,3,2,13,20,168,0,1,6,14,2.33,0,0,0,0,,0,2,2,0,,,2.0,2.1,5.1,3.1,,71,,HallJa00
497,498,Mike White,MIA,QB,28,6,0,5,6,74,1,1,8,-9,-1.13,0,0,0,0,,0,1,1,0,,,2.0,2.1,4.1,3.1,,72,,WhitMi01
499,500,Sean Clifford,GNB,QB,25,2,0,1,1,37,0,0,3,-2,-0.67,0,0,0,0,,0,1,0,0,,,1.0,1.3,1.3,1.3,,73,,ClifSe00
512,513,A.J. McCarron,CIN,QB,33,2,0,4,5,19,0,0,0,0,,0,0,0,0,,0,0,0,0,,,1.0,0.8,0.8,0.8,,74,,McCaA.00
527,528,Matt Barkley,JAX,QB,33,1,0,0,0,0,0,0,3,-3,-1.0,0,0,0,0,,0,0,0,0,,,,-0.3,-0.3,-0.3,,80,,BarkMa00
530,531,Teddy Bridgewater,DET,QB,31,1,0,0,0,0,0,0,2,-2,-1.0,0,0,0,0,,0,0,0,0,,,,-0.2,-0.2,-0.2,,79,,BridTe00
542,543,Malik Cunningham,2TM,QB,25,2,0,0,0,0,0,0,0,0,,0,0,0,0,,0,0,0,0,,,,,,,,76,,CunnMa00
550,551,Sam Ehlinger,IND,QB,25,1,0,0,0,0,0,0,0,0,,0,0,0,0,,0,0,0,0,,,,,,,,75,,EhliSa00
595,596,Nathan Peterman,CHI,QB,29,2,0,0,0,0,0,0,2,-4,-2.0,0,0,0,0,,0,1,0,0,,,,-0.4,-0.4,-0.4,,82,,PeteNa00
600,601,Aaron Rodgers,NYJ,QB,40,1,1,0,1,0,0,0,0,0,,0,0,0,0,,0,0,0,0,,,,,,,,77,,RodgAa00
610,611,Kyle Trask,TAM,QB,25,2,0,0,1,0,0,0,1,-1,-1.0,0,0,0,0,,0,0,0,0,,,,-0.1,-0.1,-0.1,,78,,TrasKy00
624,625,Logan Woodside,ATL,QB,28,1,0,3,4,27,0,1,1,6,6.0,0,0,0,0,,0,0,0,0,,,,-0.3,0.7,0.7,,81,,WoodLo00
627,628,Kyle Allen,BUF,QB,27,7,0,0,0,0,0,0,13,-13,-1.0,0,0,0,0,,0,0,0,0,,,-1.0,-1.3,-1.3,-1.3,,83,,AlleKy00
