,Player,Year,Age,Position,Rushing_Y/A_y,40yd,Wt,Vertical,Bench,3Cone,Shuttle,Receiving_Y/Tgt,Receiving_Ctch%,Pts_Per_Start
5,Christian McCaffrey,2022,26.0,RB,4.7,4.48,202.0,37.5,10.0,6.57,4.22,6.9,0.787,22.275
9,Josh Jacobs,2022,24.0,RB,4.9,0.0,220.0,0.0,0.0,0.0,0.0,6.3,0.828,19.311764705882354
13,Derrick Henry,2022,28.0,RB,4.4,4.54,247.0,37.0,22.0,7.2,4.38,9.7,0.805,18.925
21,Saquon Barkley,2022,25.0,RB,4.4,4.4,233.0,41.0,29.0,0.0,4.24,4.4,0.75,17.75
22,Nick Chubb,2022,27.0,RB,5.0,4.52,227.0,38.5,29.0,7.09,4.25,6.5,0.73,16.552941176470586
30,Aaron Jones,2022,28.0,RB,5.3,4.56,208.0,37.5,16.0,6.82,4.2,5.5,0.819,14.623529411764705
36,Dalvin Cook,2022,27.0,RB,4.4,4.49,210.0,30.5,22.0,7.27,4.53,5.3,0.696,13.988235294117647
51,Miles Sanders,2022,25.0,RB,4.9,4.49,211.0,36.0,20.0,6.89,4.19,3.0,0.769,14.446666666666665
55,Alvin Kamara,2022,27.0,RB,4.0,4.56,214.0,39.5,15.0,0.0,0.0,6.4,0.74,16.284615384615385
56,Travis Etienne,2022,23.0,RB,5.1,4.45,215.0,33.5,18.0,0.0,0.0,7.0,0.778,17.091666666666665
62,James Conner,2022,27.0,RB,4.3,4.65,233.0,29.0,20.0,0.0,0.0,5.2,0.793,15.399999999999999
71,Ezekiel Elliott,2022,27.0,RB,3.8,4.47,225.0,32.5,0.0,0.0,0.0,4.0,0.739,13.271428571428572
78,Devin Singletary,2022,25.0,RB,4.6,4.66,203.0,35.0,15.0,7.32,4.4,5.4,0.731,11.11875
79,David Montgomery,2022,25.0,RB,4.0,4.63,222.0,28.5,15.0,0.0,0.0,7.9,0.85,11.10625
95,Dameon Pierce,2022,22.0,RB,4.3,4.59,218.0,34.5,21.0,0.0,0.0,4.2,0.769,12.8
107,Cordarrelle Patterson,2022,31.0,RB,4.8,4.42,216.0,37.0,0.0,0.0,0.0,3.9,0.677,14.063636363636363
116,Jonathan Taylor,2022,23.0,RB,4.5,4.39,226.0,36.0,17.0,7.01,4.24,3.6,0.7,13.30909090909091
128,Isiah Pacheco,2022,23.0,RB,4.9,4.37,216.0,33.0,0.0,0.0,0.0,9.3,0.929,12.272727272727273
136,Michael Carter,2022,23.0,RB,3.5,4.5,201.0,34.0,16.0,6.81,3.98,5.3,0.759,12.6
575,Ezekiel Elliott,2021,26.0,RB,4.2,4.47,225.0,32.5,0.0,0.0,0.0,4.4,72.3,14.829411764705881
577,Nick Chubb,2021,26.0,RB,5.5,4.52,227.0,38.5,29.0,7.09,4.25,7.0,80,15.37857142857143
581,Damien Harris,2021,24.0,RB,4.6,4.57,216.0,37.0,16.0,0.0,0.0,6.3,85.7,14.006666666666666
585,Alvin Kamara,2021,26.0,RB,3.7,4.56,214.0,39.5,15.0,0.0,0.0,6.6,70.1,23.47
587,Leonard Fournette,2021,26.0,RB,4.5,4.51,240.0,28.5,0.0,0.0,0.0,5.4,82.1,19.661538461538463
595,Aaron Jones,2021,27.0,RB,4.7,4.56,208.0,37.5,16.0,6.82,4.2,6.0,80,15.266666666666667
599,Dalvin Cook,2021,26.0,RB,4.7,4.49,210.0,30.5,22.0,7.27,4.53,4.6,69.4,15.86923076923077
600,Josh Jacobs,2021,23.0,RB,4.0,0.0,220.0,0.0,0.0,0.0,0.0,5.4,84.4,16.142857142857142
607,Melvin Gordon,2021,28.0,RB,4.5,4.52,215.0,35.0,19.0,7.04,4.07,5.6,73.7,12.19375
619,Devin Singletary,2021,24.0,RB,4.6,4.66,203.0,35.0,15.0,7.32,4.4,4.6,80,12.3625
622,David Montgomery,2021,24.0,RB,3.8,4.63,222.0,28.5,15.0,0.0,0.0,5.9,82.4,15.0
628,Elijah Mitchell,2021,23.0,RB,4.7,4.38,201.0,37.5,17.0,6.94,4.19,6.9,95,16.5
648,James Robinson,2021,23.0,RB,4.7,4.64,219.0,40.0,24.0,7.03,4.19,4.8,67.4,13.376923076923077
649,Darrell Henderson,2021,24.0,RB,4.6,4.49,208.0,33.5,22.0,0.0,0.0,4.4,72.5,16.34
651,Myles Gaskin,2021,24.0,RB,3.5,4.58,205.0,35.5,24.0,7.19,4.27,3.7,77.8,17.36
656,Michael Carter,2021,22.0,RB,4.3,4.5,201.0,34.0,16.0,6.81,3.98,5.9,65.5,14.036363636363637
664,Chuba Hubbard,2021,22.0,RB,3.6,4.48,210.0,36.0,20.0,7.24,4.26,4.7,67.6,13.76
666,Saquon Barkley,2021,24.0,RB,3.7,4.4,233.0,41.0,29.0,0.0,4.24,4.6,71.9,11.430769230769231
678,Chase Edmonds,2021,25.0,RB,5.1,4.55,205.0,34.0,19.0,6.79,4.07,5.9,81.1,13.02727272727273
679,Clyde Edwards-Helaire,2021,22.0,RB,4.3,4.6,207.0,39.5,15.0,0.0,0.0,5.6,82.6,11.76
685,Jamaal Williams,2021,26.0,RB,3.9,4.59,212.0,30.0,0.0,7.25,4.53,5.6,92.9,10.89090909090909
692,Miles Sanders,2021,24.0,RB,5.5,4.49,211.0,36.0,20.0,6.89,4.19,4.6,76.5,9.766666666666667
714,Mark Ingram,2021,32.0,RB,3.5,4.62,215.0,31.5,21.0,7.13,4.62,4.6,77.1,10.86
1151,Alvin Kamara,2020,25.0,RB,5.0,4.56,214.0,39.5,15.0,0.0,0.0,7.1,77.6,37.78
1152,Dalvin Cook,2020,25.0,RB,5.0,4.49,210.0,30.5,22.0,7.27,4.53,6.7,81.5,24.12857142857143
1161,Jonathan Taylor,2020,21.0,RB,5.0,4.39,226.0,36.0,17.0,7.01,4.24,7.7,92.3,19.446153846153848
1162,Aaron Jones,2020,26.0,RB,5.5,4.56,208.0,37.5,16.0,6.82,4.2,5.6,74.6,18.49285714285714
1164,David Montgomery,2020,23.0,RB,4.3,4.63,222.0,28.5,15.0,0.0,0.0,6.4,79.4,18.914285714285715
1167,James Robinson,2020,22.0,RB,4.5,4.64,219.0,40.0,24.0,7.03,4.19,5.7,81.7,17.885714285714286
1168,Josh Jacobs,2020,22.0,RB,3.9,0.0,220.0,0.0,0.0,0.0,0.0,5.3,73.3,15.42
1171,Nick Chubb,2020,25.0,RB,5.6,4.52,227.0,38.5,29.0,7.09,4.25,8.3,88.9,17.308333333333334
1182,Ezekiel Elliott,2020,25.0,RB,4.0,4.47,225.0,32.5,0.0,0.0,0.0,4.8,73.2,14.913333333333332
1184,Kenyan Drake,2020,26.0,RB,4.0,4.45,210.0,34.5,10.0,7.04,4.21,4.4,80.6,14.784615384615384
1185,Melvin Gordon,2020,27.0,RB,4.6,4.52,215.0,35.0,19.0,7.04,4.07,3.6,72.7,19.84
1196,Chris Carson,2020,26.0,RB,4.8,4.58,218.0,37.0,23.0,0.0,0.0,6.2,80.4,15.65
1203,Mike Davis,2020,27.0,RB,3.9,4.61,217.0,34.0,17.0,7.0,4.18,5.3,84.3,17.208333333333332
1204,David Johnson,2020,29.0,RB,4.7,4.5,224.0,41.5,25.0,6.82,4.27,6.8,71.7,14.958333333333334
1209,Miles Sanders,2020,23.0,RB,5.3,4.49,211.0,36.0,20.0,6.89,4.19,3.8,53.8,15.490909090909092
1214,Clyde Edwards-Helaire,2020,21.0,RB,4.4,4.6,207.0,39.5,15.0,0.0,0.0,5.5,66.7,13.538461538461538
1217,Todd Gurley,2020,26.0,RB,3.5,4.52,222.0,0.0,17.0,0.0,0.0,4.7,71.4,10.879999999999999
1248,James Conner,2020,25.0,RB,4.3,4.65,233.0,29.0,20.0,0.0,0.0,5.0,81.4,14.963636363636363
1256,Wayne Gallman,2020,26.0,RB,4.6,4.6,215.0,29.5,21.0,7.17,4.28,4.2,77.8,13.66
1262,Darrell Henderson,2020,23.0,RB,4.5,4.49,208.0,33.5,22.0,0.0,0.0,6.6,66.7,11.845454545454546
1265,Adrian Peterson,2020,35.0,RB,3.9,4.4,217.0,38.5,0.0,7.09,4.4,5.6,66.7,12.45
1266,Giovani Bernard,2020,29.0,RB,3.4,4.53,202.0,33.5,19.0,6.91,4.12,6.0,79.7,15.809999999999999
1274,Devin Singletary,2020,23.0,RB,4.4,4.66,203.0,35.0,15.0,7.32,4.4,5.4,76,8.975
1301,Damien Harris,2020,23.0,RB,5.0,4.57,216.0,37.0,16.0,0.0,0.0,7.4,71.4,9.129999999999999
1303,Frank Gore,2020,37.0,RB,3.5,4.58,217.0,0.0,0.0,0.0,0.0,4.7,84.2,7.1571428571428575
1728,Christian McCaffrey,2019,23.0,RB,4.8,4.48,202.0,37.5,10.0,6.57,4.22,7.1,81.7,29.45
1731,Aaron Jones,2019,25.0,RB,4.6,4.56,208.0,37.5,16.0,6.82,4.2,7.0,72.1,19.675
1732,Ezekiel Elliott,2019,24.0,RB,4.5,4.47,225.0,32.5,0.0,0.0,0.0,5.9,76.1,19.48125
1733,Dalvin Cook,2019,24.0,RB,4.5,4.49,210.0,30.5,22.0,7.27,4.53,8.2,84.1,20.885714285714283
1736,Nick Chubb,2019,24.0,RB,5.0,4.52,227.0,38.5,29.0,7.09,4.25,5.7,73.5,15.95
1738,Mark Ingram,2019,30.0,RB,5.0,4.62,215.0,31.5,21.0,7.13,4.62,8.5,89.7,16.166666666666668
1745,Chris Carson,2019,25.0,RB,4.4,4.58,218.0,37.0,23.0,0.0,0.0,5.7,78.7,15.506666666666666
1748,Saquon Barkley,2019,22.0,RB,4.6,4.4,233.0,41.0,29.0,0.0,4.24,6.0,71.2,18.776923076923076
1751,Todd Gurley,2019,25.0,RB,3.8,4.52,222.0,0.0,17.0,0.0,0.0,4.2,63.3,14.626666666666667
1756,Leonard Fournette,2019,24.0,RB,4.3,4.51,240.0,28.5,0.0,0.0,0.0,5.2,76,17.293333333333333
1763,Josh Jacobs,2019,21.0,RB,4.8,0.0,220.0,0.0,0.0,0.0,0.0,6.1,74.1,14.738461538461538
1765,Miles Sanders,2019,22.0,RB,4.6,4.49,211.0,36.0,20.0,6.89,4.19,8.1,79.4,19.88181818181818
1769,Marlon Mack,2019,23.0,RB,4.4,4.5,213.0,35.5,15.0,0.0,0.0,4.8,82.4,15.108333333333334
1774,Kenyan Drake,2019,25.0,RB,4.8,4.45,210.0,34.5,10.0,7.04,4.21,5.1,73.5,21.419999999999998
1790,Le'Veon Bell,2019,27.0,RB,3.2,4.6,230.0,31.5,24.0,6.75,4.24,5.9,84.6,14.333333333333334
1799,Carlos Hyde,2019,29.0,RB,4.4,4.62,230.0,34.5,19.0,0.0,0.0,2.6,62.5,10.942857142857141
1803,Sony Michel,2019,24.0,RB,3.7,4.54,214.0,0.0,22.0,0.0,4.21,4.7,60,10.9
1822,Devonta Freeman,2019,27.0,RB,3.6,4.58,206.0,31.5,0.0,7.11,4.26,5.9,84.3,14.114285714285714
1823,Melvin Gordon,2019,26.0,RB,3.8,4.52,215.0,35.0,19.0,7.04,4.07,5.4,76.4,16.436363636363637
1825,Adrian Peterson,2019,34.0,RB,4.3,4.4,217.0,38.5,0.0,7.09,4.4,6.2,73.9,9.8
1835,Tevin Coleman,2019,26.0,RB,4.0,4.4,206.0,0.0,22.0,0.0,0.0,6.0,70,12.30909090909091
1836,James Conner,2019,24.0,RB,4.0,4.65,233.0,29.0,20.0,0.0,0.0,6.6,89.5,14.55
1866,Tarik Cohen,2019,24.0,RB,3.3,4.42,179.0,31.5,11.0,0.0,0.0,4.4,76,14.9
2286,Todd Gurley,2018,24.0,RB,4.9,4.52,222.0,0.0,17.0,0.0,0.0,7.2,72.8,26.57857142857143
2287,Saquon Barkley,2018,21.0,RB,5.0,4.4,233.0,41.0,29.0,0.0,4.24,6.0,75.2,24.1125
2288,Christian McCaffrey,2018,22.0,RB,5.0,4.48,202.0,37.5,10.0,6.57,4.22,7.0,86.3,24.09375
2289,Alvin Kamara,2018,23.0,RB,4.6,4.56,214.0,39.5,15.0,0.0,0.0,6.8,77.1,27.246153846153845
2292,Ezekiel Elliott,2018,23.0,RB,4.7,4.47,225.0,32.5,0.0,0.0,0.0,6.0,81.1,21.94
2298,Melvin Gordon,2018,25.0,RB,5.1,4.52,215.0,35.0,19.0,7.04,4.07,7.4,75.8,22.958333333333332
2299,James Conner,2018,23.0,RB,4.5,4.65,233.0,29.0,20.0,0.0,0.0,7.0,77.5,23.333333333333332
2308,Kareem Hunt,2018,23.0,RB,4.6,4.62,216.0,36.5,18.0,0.0,0.0,10.8,74.3,20.927272727272726
2311,David Johnson,2018,27.0,RB,3.6,4.5,224.0,41.5,25.0,6.82,4.27,5.9,65.8,15.4125
2315,Derrick Henry,2018,24.0,RB,4.9,4.54,247.0,37.0,22.0,7.2,4.38,5.5,83.3,16.783333333333335
2322,Chris Carson,2018,24.0,RB,4.7,4.58,218.0,37.0,23.0,0.0,0.0,6.8,83.3,14.385714285714286
2327,Adrian Peterson,2018,33.0,RB,4.2,4.4,217.0,38.5,0.0,7.09,4.4,8.0,76.9,11.8125
2333,Tevin Coleman,2018,25.0,RB,4.8,4.4,206.0,0.0,22.0,0.0,0.0,6.3,72.7,13.828571428571427
2334,Marlon Mack,2018,22.0,RB,4.7,4.5,213.0,35.5,15.0,0.0,0.0,4.0,65.4,17.81
2335,Jordan Howard,2018,24.0,RB,3.7,4.57,230.0,34.0,16.0,0.0,0.0,5.6,76.9,12.0
2344,Lamar Miller,2018,27.0,RB,4.6,4.34,212.0,33.0,0.0,0.0,0.0,4.7,71.4,12.328571428571427
2385,Peyton Barber,2018,24.0,RB,3.7,4.64,228.0,32.5,20.0,7.0,4.21,3.2,69,9.39375
2394,Dalvin Cook,2018,23.0,RB,4.6,4.49,210.0,30.5,22.0,7.27,4.53,6.2,81.6,15.2
2417,Alex Collins,2018,24.0,RB,3.6,4.59,217.0,28.5,18.0,0.0,0.0,5.0,71.4,10.86
2420,LeSean McCoy,2018,30.0,RB,3.2,4.5,198.0,0.0,0.0,0.0,0.0,5.2,73.9,9.784615384615385
2422,Frank Gore,2018,35.0,RB,4.6,4.58,217.0,0.0,0.0,0.0,0.0,7.8,75,7.328571428571428
2836,Todd Gurley,2017,23.0,RB,4.7,4.52,222.0,0.0,17.0,0.0,0.0,9.1,73.6,25.553333333333335
2837,Le'Veon Bell,2017,25.0,RB,4.0,4.6,230.0,31.5,24.0,6.75,4.24,6.2,80.2,22.773333333333333
2838,Kareem Hunt,2017,22.0,RB,4.9,4.62,216.0,36.5,18.0,0.0,0.0,7.2,84.1,18.45
2840,Melvin Gordon,2017,24.0,RB,3.9,4.52,215.0,35.0,19.0,7.04,4.07,5.7,69.9,18.00625
2843,Mark Ingram,2017,28.0,RB,4.9,4.62,215.0,31.5,21.0,7.13,4.62,5.9,81.7,23.166666666666668
2845,LeSean McCoy,2017,29.0,RB,4.0,4.5,198.0,0.0,0.0,0.0,0.0,5.8,76.6,16.475
2849,Leonard Fournette,2017,22.0,RB,3.9,4.51,240.0,28.5,0.0,0.0,0.0,6.3,75,17.707692307692305
2853,Ezekiel Elliott,2017,22.0,RB,4.1,4.47,225.0,32.5,0.0,0.0,0.0,7.1,68.4,20.32
2854,Jordan Howard,2017,23.0,RB,4.1,4.57,230.0,34.0,16.0,0.0,0.0,3.9,71.9,12.48125
2855,Carlos Hyde,2017,27.0,RB,3.9,4.62,230.0,34.5,19.0,0.0,0.0,4.0,67,14.6125
2868,Devonta Freeman,2017,25.0,RB,4.4,4.58,206.0,31.5,0.0,7.11,4.26,6.7,76.6,14.299999999999999
2871,Lamar Miller,2017,26.0,RB,3.7,4.34,212.0,33.0,0.0,0.0,0.0,7.3,80,14.884615384615385
2880,Christian McCaffrey,2017,21.0,RB,3.7,4.48,202.0,37.5,10.0,6.57,4.22,5.8,70.8,22.86
2883,Alex Collins,2017,23.0,RB,4.6,4.59,217.0,28.5,18.0,0.0,0.0,5.2,63.9,14.25
2885,C.J. Anderson,2017,26.0,RB,4.1,4.6,224.0,32.0,17.0,7.15,4.12,5.6,70,10.94375
2889,Frank Gore,2017,34.0,RB,3.7,4.58,217.0,0.0,0.0,0.0,0.0,6.4,76.3,10.85
2890,Marshawn Lynch,2017,31.0,RB,4.3,4.46,215.0,35.5,20.0,7.05,4.55,4.9,64.5,10.946666666666665
2904,DeMarco Murray,2017,29.0,RB,3.6,4.37,213.0,34.5,21.0,7.28,4.18,5.7,83,11.433333333333334
2933,Bilal Powell,2017,29.0,RB,4.3,4.51,207.0,0.0,18.0,0.0,0.0,5.2,69.7,14.52
2937,Isaiah Crowell,2017,24.0,RB,4.1,4.57,224.0,38.0,23.0,0.0,0.0,4.3,66.7,8.96875
2947,Jonathan Stewart,2017,30.0,RB,3.4,4.46,235.0,36.5,28.0,0.0,0.0,3.5,53.3,11.72
2956,LeGarrette Blount,2017,31.0,RB,4.4,4.7,241.0,35.0,18.0,6.85,4.49,6.3,100,9.781818181818181
2958,Ameer Abdullah,2017,24.0,RB,3.3,4.6,205.0,42.5,24.0,6.79,3.95,4.6,71.4,11.30909090909091
3374,David Johnson,2016,25.0,RB,4.2,4.5,224.0,41.5,25.0,6.82,4.27,7.3,66.7,25.4875
3375,Ezekiel Elliott,2016,21.0,RB,5.1,4.47,225.0,32.5,0.0,0.0,0.0,9.3,82.1,21.69333333333333
3377,LeSean McCoy,2016,28.0,RB,5.4,4.5,198.0,0.0,0.0,0.0,0.0,6.2,87.7,19.886666666666667
3378,Le'Veon Bell,2016,24.0,RB,4.9,4.6,230.0,31.5,24.0,6.75,4.24,6.6,79.8,26.45
3379,DeMarco Murray,2016,28.0,RB,4.4,4.37,213.0,34.5,21.0,7.28,4.18,5.6,79.1,18.3625
3380,Devonta Freeman,2016,24.0,RB,4.8,4.58,206.0,31.5,0.0,7.11,4.26,7.1,83.1,17.75625
3386,Melvin Gordon,2016,23.0,RB,3.9,4.52,215.0,35.0,19.0,7.04,4.07,7.4,71.9,22.78181818181818
3389,Jordan Howard,2016,22.0,RB,5.2,4.57,230.0,34.0,16.0,0.0,0.0,6.0,58,17.7
3390,Mark Ingram,2016,27.0,RB,5.1,4.62,215.0,31.5,21.0,7.13,4.62,5.5,79.3,17.3
3392,Jay Ajayi,2016,23.0,RB,4.9,4.57,221.0,39.0,19.0,7.1,4.1,4.3,77.1,17.941666666666666
3400,Frank Gore,2016,33.0,RB,3.9,4.58,217.0,0.0,0.0,0.0,0.0,5.9,80.9,13.3875
3408,Isaiah Crowell,2016,23.0,RB,4.8,4.57,224.0,38.0,23.0,0.0,0.0,6.0,75.5,12.81875
3409,Carlos Hyde,2016,26.0,RB,4.6,4.62,230.0,34.5,19.0,0.0,0.0,4.9,81.8,14.776923076923076
3414,Spencer Ware,2016,25.0,RB,4.3,4.62,228.0,0.0,0.0,0.0,0.0,10.6,78.6,13.842857142857143
3416,Lamar Miller,2016,25.0,RB,4.0,4.34,212.0,33.0,0.0,0.0,0.0,4.8,79.5,13.65
3421,Jeremy Hill,2016,24.0,RB,3.8,4.56,233.0,29.0,20.0,0.0,0.0,6.4,77.8,13.561538461538463
3423,Todd Gurley,2016,22.0,RB,3.2,4.52,222.0,0.0,17.0,0.0,0.0,5.6,74.1,12.3875
3424,Matt Forte,2016,31.0,RB,3.7,4.44,217.0,33.0,23.0,6.84,4.23,6.1,69.8,14.123076923076923
3445,Jonathan Stewart,2016,29.0,RB,3.8,4.46,235.0,36.5,28.0,0.0,0.0,2.9,38.1,11.261538461538462
3451,Terrance West,2016,25.0,RB,4.0,4.56,225.0,33.5,16.0,0.0,0.0,5.2,75.6,13.153846153846153
3498,Rashad Jennings,2016,31.0,RB,3.3,4.52,231.0,34.0,29.0,6.86,4.2,4.8,83.3,11.533333333333333
3512,T.J. Yeldon,2016,23.0,RB,3.6,4.61,226.0,36.0,22.0,7.19,4.22,4.6,73.5,10.592307692307692
3916,Devonta Freeman,2015,23.0,RB,4.0,4.58,206.0,31.5,0.0,7.11,4.26,6.0,75.3,24.338461538461537
3918,Adrian Peterson,2015,30.0,RB,4.5,4.4,217.0,38.5,0.0,7.09,4.4,6.2,83.3,16.29375
3926,Doug Martin,2015,26.0,RB,4.9,4.46,223.0,36.0,28.0,6.79,4.16,6.2,75,14.51875
3927,DeAngelo Williams,2015,32.0,RB,4.5,4.45,214.0,35.5,25.0,0.0,0.0,7.8,85.1,23.14
3929,Todd Gurley,2015,21.0,RB,4.8,4.52,222.0,0.0,17.0,0.0,0.0,7.2,80.8,17.366666666666667
3931,Lamar Miller,2015,24.0,RB,4.5,4.34,212.0,33.0,0.0,0.0,0.0,7.0,82.5,14.49375
3940,Matt Forte,2015,30.0,RB,4.1,4.44,217.0,33.0,23.0,6.84,4.23,6.7,75.9,16.515384615384615
3947,Frank Gore,2015,32.0,RB,3.7,4.58,217.0,0.0,0.0,0.0,0.0,4.6,58.6,12.0875
3949,Darren McFadden,2015,28.0,RB,4.6,4.33,211.0,33.0,0.0,0.0,0.0,6.2,75.5,19.57
3950,Jeremy Hill,2015,23.0,RB,3.6,4.56,233.0,29.0,20.0,0.0,0.0,4.2,78.9,11.353333333333333
3952,Mark Ingram,2015,26.0,RB,4.6,4.62,215.0,31.5,21.0,7.13,4.62,6.8,83.3,20.34
3959,Jonathan Stewart,2015,28.0,RB,4.1,4.46,235.0,36.5,28.0,0.0,0.0,4.7,76.2,12.523076923076925
3960,LeSean McCoy,2015,27.0,RB,4.4,4.5,198.0,0.0,0.0,0.0,0.0,5.8,64,14.891666666666666
3967,Ronnie Hillman,2015,24.0,RB,4.2,4.42,200.0,37.0,17.0,0.0,0.0,3.2,68.6,16.14
3971,Rashad Jennings,2015,30.0,RB,4.4,4.52,231.0,34.0,29.0,6.86,4.2,7.4,72.5,10.30625
3990,Eddie Lacy,2015,25.0,RB,4.1,4.55,231.0,0.0,0.0,0.0,0.0,6.7,71.4,11.716666666666667
4015,T.J. Yeldon,2015,22.0,RB,4.1,4.61,226.0,36.0,22.0,7.19,4.22,6.1,78.3,12.991666666666667
4051,Antonio Andrews,2015,23.0,RB,3.6,4.82,225.0,29.5,20.0,7.24,4.49,6.0,72.4,11.2
4052,Justin Forsett,2015,30.0,RB,4.2,4.62,194.0,26.5,26.0,6.96,0.0,3.7,75.6,12.24
4058,Alfred Morris,2015,27.0,RB,3.7,4.63,219.0,35.5,16.0,7.01,4.19,4.2,76.9,6.0375
4078,Melvin Gordon,2015,22.0,RB,3.5,4.52,215.0,35.0,19.0,7.04,4.07,5.2,89.2,9.025
4454,DeMarco Murray,2014,26.0,RB,4.7,4.37,213.0,34.5,21.0,7.28,4.18,6.5,89.1,21.94375
4455,Le'Veon Bell,2014,22.0,RB,4.7,4.6,230.0,31.5,24.0,6.75,4.24,8.1,79,23.15625
4456,Marshawn Lynch,2014,28.0,RB,4.7,4.46,215.0,35.5,20.0,7.05,4.55,7.6,77.1,21.592857142857145
4458,Matt Forte,2014,29.0,RB,3.9,4.44,217.0,33.0,23.0,6.84,4.23,6.2,78.5,21.6625
4459,Arian Foster,2014,28.0,RB,4.8,4.69,226.0,0.0,23.0,0.0,0.0,5.5,64.4,21.03846153846154
4460,Eddie Lacy,2014,24.0,RB,4.6,4.55,231.0,0.0,0.0,0.0,0.0,7.8,76.4,17.0375
4465,Jamaal Charles,2014,28.0,RB,5.0,4.38,200.0,30.5,0.0,6.8,4.22,4.9,67.8,16.693333333333335
4469,Justin Forsett,2014,29.0,RB,5.4,4.62,194.0,26.5,26.0,6.96,0.0,4.5,74.6,17.635714285714286
4474,Lamar Miller,2014,23.0,RB,5.1,4.34,212.0,33.0,0.0,0.0,0.0,5.3,73.1,13.9625
4483,LeSean McCoy,2014,26.0,RB,4.2,4.5,198.0,0.0,0.0,0.0,0.0,4.2,75.7,12.4625
4484,Alfred Morris,2014,26.0,RB,4.1,4.63,219.0,35.5,16.0,7.01,4.19,6.0,65.4,11.74375
4500,Frank Gore,2014,31.0,RB,4.3,4.58,217.0,0.0,0.0,0.0,0.0,5.8,57.9,9.91875
4518,Andre Ellington,2014,25.0,RB,3.3,4.61,199.0,34.0,0.0,0.0,0.0,6.2,71.9,14.791666666666666
4527,Steven Jackson,2014,31.0,RB,3.7,4.55,241.0,0.0,0.0,0.0,0.0,5.5,74.1,9.433333333333334
4586,Trent Richardson,2014,24.0,RB,3.3,4.48,228.0,0.0,0.0,0.0,0.0,6.7,79.4,9.816666666666666
4600,Darren McFadden,2014,27.0,RB,3.4,4.33,211.0,33.0,0.0,0.0,0.0,3.8,64.3,10.049999999999999
4628,Doug Martin,2014,25.0,RB,3.7,4.46,223.0,36.0,28.0,6.79,4.16,3.2,65,7.345454545454545
4980,Jamaal Charles,2013,27.0,RB,5.0,4.38,200.0,30.5,0.0,6.8,4.22,6.7,67.3,25.2
4981,LeSean McCoy,2013,25.0,RB,5.1,4.5,198.0,0.0,0.0,0.0,0.0,8.4,81.3,20.6625
4983,Matt Forte,2013,28.0,RB,4.6,4.44,217.0,33.0,23.0,6.84,4.23,6.3,77.9,21.08125
4985,Marshawn Lynch,2013,27.0,RB,4.2,4.46,215.0,35.5,20.0,7.05,4.55,7.2,81.8,17.20625
4986,Knowshon Moreno,2013,26.0,RB,4.3,4.5,217.0,35.5,25.0,6.84,4.27,7.4,81.1,19.773333333333333
4994,Eddie Lacy,2013,23.0,RB,4.1,4.55,231.0,0.0,0.0,0.0,0.0,5.8,79.5,16.166666666666668
4996,DeMarco Murray,2013,25.0,RB,5.2,4.37,213.0,34.5,21.0,7.28,4.18,5.3,80.3,18.435714285714287
4997,Adrian Peterson,2013,28.0,RB,4.5,4.4,217.0,38.5,0.0,7.09,4.4,4.3,72.5,16.62142857142857
5000,Chris Johnson,2013,28.0,RB,3.9,4.24,197.0,35.0,0.0,0.0,0.0,6.6,80.8,15.0125
5005,Reggie Bush,2013,28.0,RB,4.5,4.37,201.0,0.0,0.0,0.0,0.0,6.3,67.5,17.085714285714285
5006,Ryan Mathews,2013,26.0,RB,4.4,4.37,218.0,36.0,19.0,7.0,4.33,5.7,78.8,15.028571428571428
5009,Frank Gore,2013,30.0,RB,4.1,4.58,217.0,0.0,0.0,0.0,0.0,5.2,59.3,11.93125
5010,Le'Veon Bell,2013,21.0,RB,3.5,4.6,230.0,31.5,24.0,6.75,4.24,6.0,68.2,16.684615384615384
5013,Alfred Morris,2013,25.0,RB,4.6,4.63,219.0,35.5,16.0,7.01,4.19,6.5,75,11.14375
5023,Zac Stacy,2013,22.0,RB,3.9,4.55,216.0,33.0,27.0,6.7,4.17,4.0,74.3,15.283333333333333
5035,Maurice Jones-Drew,2013,28.0,RB,3.4,4.39,207.0,36.0,18.0,7.08,4.38,5.2,71.7,12.466666666666667
5042,DeAngelo Williams,2013,30.0,RB,4.2,4.45,214.0,35.5,25.0,0.0,0.0,9.3,72.2,10.906666666666666
5076,Rashard Mendenhall,2013,26.0,RB,3.2,4.41,225.0,33.5,26.0,0.0,4.18,6.4,85.7,9.606666666666666
5078,C.J. Spiller,2013,26.0,RB,4.6,4.37,196.0,0.0,18.0,0.0,0.0,4.5,80.5,15.48
5080,Ray Rice,2013,26.0,RB,3.1,4.42,199.0,31.5,23.0,6.65,4.2,4.5,80.6,11.873333333333333
5085,BenJarvus Green-Ellis,2013,28.0,RB,3.4,4.6,219.0,30.5,24.0,0.0,0.0,2.8,50,7.4875
5088,Steven Jackson,2013,30.0,RB,3.5,4.55,241.0,0.0,0.0,0.0,0.0,3.9,67.3,12.366666666666667
5093,Trent Richardson,2013,23.0,RB,3.0,4.48,228.0,0.0,0.0,0.0,0.0,6.1,67.3,14.49
5101,Bilal Powell,2013,25.0,RB,4.0,4.51,207.0,0.0,18.0,0.0,0.0,4.8,63.2,12.736363636363636
5110,Lamar Miller,2013,22.0,RB,4.0,4.34,212.0,33.0,0.0,0.0,0.0,4.9,74.3,8.26
5506,Adrian Peterson,2012,27.0,RB,6.0,4.4,217.0,38.5,0.0,7.09,4.4,4.3,78.4,21.7125
5507,Doug Martin,2012,23.0,RB,4.6,4.46,223.0,36.0,28.0,6.79,4.16,6.7,70,19.475
5508,Arian Foster,2012,26.0,RB,4.1,4.69,226.0,0.0,23.0,0.0,0.0,3.7,69,18.88125
5509,Marshawn Lynch,2012,26.0,RB,5.0,4.46,215.0,35.5,20.0,7.05,4.55,6.5,76.7,17.973333333333336
5510,Alfred Morris,2012,24.0,RB,4.8,4.63,219.0,35.5,16.0,7.01,4.19,4.8,68.8,15.75
5511,Ray Rice,2012,25.0,RB,4.4,4.42,199.0,31.5,23.0,6.65,4.2,5.8,73.5,17.69375
5519,Jamaal Charles,2012,26.0,RB,5.3,4.38,200.0,30.5,0.0,6.8,4.22,4.8,71.4,15.966666666666667
5520,Trent Richardson,2012,22.0,RB,3.6,4.48,228.0,0.0,0.0,0.0,0.0,5.2,72.9,16.98
5521,Frank Gore,2012,29.0,RB,4.7,4.58,217.0,0.0,0.0,0.0,0.0,6.5,77.8,14.425
5523,Stevan Ridley,2012,23.0,RB,4.4,4.65,225.0,36.0,18.0,6.78,4.21,3.6,42.9,17.116666666666667
5531,Matt Forte,2012,27.0,RB,4.4,4.44,217.0,33.0,23.0,6.84,4.23,5.8,74.6,14.76
5533,Chris Johnson,2012,27.0,RB,4.5,4.24,197.0,35.0,0.0,0.0,0.0,4.7,73.5,14.1
5536,Reggie Bush,2012,27.0,RB,4.3,4.37,201.0,0.0,0.0,0.0,0.0,5.6,67.3,12.925
5540,Shonn Greene,2012,27.0,RB,3.9,4.55,227.0,37.0,19.0,7.1,4.4,5.0,63.3,13.314285714285715
5544,Steven Jackson,2012,29.0,RB,4.1,4.55,241.0,0.0,0.0,0.0,0.0,6.1,71.7,12.5375
5549,Michael Turner,2012,30.0,RB,3.6,4.49,237.0,31.0,22.0,7.5,4.15,4.3,63.3,10.9875
5550,Ahmad Bradshaw,2012,26.0,RB,4.6,4.55,198.0,34.0,0.0,6.7,4.09,7.9,74.2,14.916666666666666
5553,BenJarvus Green-Ellis,2012,27.0,RB,3.9,4.6,219.0,30.5,24.0,0.0,0.0,3.5,73.3,11.586666666666668
5554,Mikel Leshoure,2012,22.0,RB,3.7,4.56,227.0,38.0,21.0,6.82,4.4,4.4,69.4,13.085714285714285
5555,LeSean McCoy,2012,24.0,RB,4.2,4.5,198.0,0.0,0.0,0.0,0.0,5.6,80.6,16.608333333333334
5569,DeAngelo Williams,2012,29.0,RB,4.3,4.45,214.0,35.5,25.0,0.0,0.0,9.4,65,14.34
5605,Vick Ballard,2012,22.0,RB,3.9,4.59,219.0,33.0,23.0,7.03,4.19,5.6,63,10.966666666666667
5610,Darren McFadden,2012,25.0,RB,3.3,4.33,211.0,33.0,0.0,0.0,0.0,4.1,66.7,12.708333333333334
5611,DeMarco Murray,2012,24.0,RB,4.1,4.37,213.0,34.5,21.0,7.28,4.18,6.0,83.3,14.64
