,Ht,Wt,40yd,Vertical,Bench,BroadJump,3Cone,Shuttle,Combine_Year,Fantasy_PPR
3,6.416666666666667,237.0,4.75,33.5,23.0,119.0,6.9,4.4,2018.0,402.6
5,6.5,236.0,4.68,35.5,23.0,123.0,7.06,4.46,2020.0,380.8
6,6.333333333333333,211.0,5.28,24.5,23.0,99.0,7.2,4.38,2000.0,374.7
12,6.166666666666667,225.0,4.8,30.0,23.0,114.0,6.88,4.08,2017.0,361.7
17,6.166666666666667,223.0,4.71,34.5,23.0,110.0,7.38,4.28,2005.0,333.3
19,6.166666666666667,225.0,4.81,30.5,23.0,107.0,7.06,4.47,2009.0,329.7
22,6.166666666666667,226.0,4.79,32.5,23.0,116.0,7.11,4.32,2016.0,320.6
28,6.25,221.0,4.82,31.0,23.0,110.0,7.09,4.28,2020.0,314.2
30,6.083333333333333,222.0,4.59,35.0,23.0,125.0,7.09,4.28,2020.0,312.2
39,5.833333333333333,207.0,4.82,31.0,23.0,110.0,7.09,4.28,2019.0,300.5
40,6.25,214.0,4.84,28.5,23.0,109.0,7.05,4.5,2012.0,300.3
75,6.333333333333333,221.0,4.65,31.0,23.0,110.0,7.09,4.28,2012.0,268.4
76,6.416666666666667,237.0,4.77,30.5,23.0,118.0,6.86,4.15,2016.0,258.0
77,6.166666666666667,214.0,4.69,34.5,23.0,110.0,7.09,4.2,2014.0,257.0
78,5.916666666666667,204.0,4.53,34.0,23.0,118.0,6.97,4.09,2012.0,242.8
79,6.166666666666667,216.0,4.82,31.0,23.0,110.0,7.09,4.28,2018.0,240.0
80,6.166666666666667,226.0,4.97,30.5,23.0,110.0,7.04,4.26,2014.0,227.5
81,6.166666666666667,217.0,4.72,32.0,23.0,116.0,7.04,4.39,2021.0,224.9
82,6.416666666666667,228.0,4.89,31.0,23.0,110.0,7.4,4.51,2008.0,222.9
83,6.25,225.0,4.82,31.0,23.0,110.0,7.09,4.28,2012.0,222.9
84,6.416666666666667,241.0,4.75,31.0,23.0,110.0,7.09,4.28,2004.0,218.1
85,6.166666666666667,214.0,4.82,30.0,23.0,113.0,7.17,4.2,2014.0,202.7
86,6.416666666666667,213.0,4.82,31.0,23.0,110.0,7.09,4.28,2021.0,199.0
87,6.333333333333333,215.0,4.82,27.0,23.0,110.0,7.17,4.47,2016.0,194.5
88,6.083333333333333,215.0,4.84,29.0,23.0,111.0,7.0,4.28,2018.0,180.9
89,6.0,217.0,4.82,31.0,23.0,110.0,7.09,4.28,2020.0,180.9
90,6.416666666666667,221.0,4.81,33.5,23.0,120.0,7.0,4.41,2019.0,167.5
91,6.25,221.0,4.85,26.5,23.0,105.0,6.96,4.4,2018.0,157.3
92,6.25,217.0,4.82,32.0,23.0,110.0,6.95,4.4,2021.0,157.0
93,6.166666666666667,214.0,4.82,31.0,23.0,110.0,7.09,4.28,2021.0,151.9
96,6.166666666666667,227.0,4.45,31.0,23.0,110.0,7.09,4.28,2021.0,126.8
103,6.25,225.0,4.82,31.0,23.0,110.0,7.09,4.28,2012.0,121.7
106,6.333333333333333,231.0,4.97,28.5,23.0,103.0,7.16,4.36,2015.0,117.4
141,6.25,225.0,4.82,31.0,23.0,110.0,7.09,4.28,2012.0,90.2
145,6.416666666666667,248.0,4.56,35.0,23.0,126.0,6.92,4.18,2011.0,86.4
153,6.166666666666667,215.0,4.83,29.5,23.0,106.0,6.93,4.27,2011.0,84.2
157,6.25,225.0,4.82,31.0,23.0,110.0,7.09,4.28,2012.0,82.6
162,6.083333333333333,217.0,4.47,37.5,23.0,126.0,6.78,4.09,2011.0,81.7
177,6.333333333333333,231.0,4.94,31.0,23.0,113.0,7.17,4.53,2016.0,72.3
187,6.25,224.0,4.82,31.0,23.0,110.0,7.09,4.28,2021.0,64.9
216,6.166666666666667,218.0,4.58,33.5,23.0,124.0,7.09,4.28,2013.0,54.3
224,6.333333333333333,228.0,4.69,31.0,23.0,112.0,7.03,4.12,2019.0,51.9
236,6.25,213.0,4.53,33.5,23.0,110.0,7.56,4.42,2008.0,46.3
246,6.416666666666667,224.0,5.09,27.0,23.0,96.0,7.4,4.4,2018.0,44.0
259,6.083333333333333,216.0,4.79,31.0,23.0,114.0,7.09,4.28,2010.0,41.3
294,6.25,225.0,4.82,31.0,23.0,110.0,7.09,4.28,2012.0,33.7
306,6.583333333333333,225.0,4.94,26.5,23.0,102.0,7.49,4.52,2013.0,30.9
311,6.083333333333333,208.0,4.72,32.5,23.0,103.0,7.09,4.28,2012.0,28.7
325,6.25,225.0,4.82,31.0,23.0,110.0,7.09,4.28,2012.0,24.3
326,6.5,236.0,4.84,28.5,23.0,110.0,6.82,4.27,2008.0,23.8
328,6.25,228.0,4.93,27.0,23.0,105.0,7.23,4.47,2017.0,24.1
346,6.333333333333333,224.0,4.74,35.5,23.0,118.0,7.21,4.52,2020.0,21.1
360,6.416666666666667,235.0,4.9,26.0,23.0,110.0,7.09,4.28,2018.0,18.4
362,6.416666666666667,243.0,5.14,30.5,23.0,112.0,7.09,4.28,2012.0,16.8
377,6.333333333333333,222.0,4.52,36.0,23.0,121.0,6.87,4.11,2015.0,14.9
383,6.083333333333333,217.0,4.84,28.0,23.0,110.0,7.06,4.33,2016.0,13.9
387,6.25,225.0,4.82,31.0,23.0,110.0,7.09,4.28,2012.0,13.8
390,6.5,229.0,5.14,31.0,23.0,105.0,7.29,4.39,2015.0,13.0
398,6.166666666666667,215.0,5.02,32.0,23.0,109.0,7.1,4.42,2009.0,12.3
406,6.166666666666667,219.0,5.01,30.0,23.0,111.0,7.27,4.51,2020.0,10.9
423,6.25,225.0,4.82,31.0,23.0,110.0,7.09,4.28,2012.0,9.9
435,6.25,225.0,4.82,31.0,23.0,110.0,7.09,4.28,2012.0,7.9
437,6.25,225.0,4.82,31.0,23.0,110.0,7.09,4.28,2012.0,7.8
442,6.166666666666667,222.0,4.67,27.5,23.0,116.0,6.87,4.25,2017.0,8.1
492,6.25,230.0,4.92,25.5,23.0,106.0,7.17,4.4,2008.0,3.3
510,6.166666666666667,219.0,4.82,31.0,23.0,113.0,7.09,4.28,2017.0,1.5
512,6.0,211.0,4.65,32.5,23.0,115.0,6.99,4.19,2021.0,2.0
516,6.333333333333333,234.0,4.61,33.5,23.0,120.0,6.84,4.26,2011.0,2.0
529,6.25,225.0,4.82,31.0,23.0,110.0,7.09,4.28,2012.0,2.0
535,6.25,225.0,4.82,31.0,23.0,110.0,7.09,4.28,2012.0,0.6
542,6.083333333333333,220.0,4.84,36.5,23.0,114.0,7.15,4.44,2021.0,0.9
543,6.166666666666667,232.0,4.86,30.5,23.0,105.0,7.09,4.07,2005.0,0.7
572,6.25,218.0,4.95,31.0,16.0,112.0,7.15,4.33,2018.0,-0.1
575,6.0,218.0,4.79,33.0,23.0,110.0,7.28,4.31,2009.0,-0.2
580,6.25,225.0,4.82,31.0,23.0,110.0,7.09,4.28,2012.0,0.2
582,6.166666666666667,226.0,4.82,31.0,23.0,110.0,7.14,4.31,2017.0,0.2
583,6.166666666666667,210.0,4.91,33.0,23.0,116.0,7.1,4.29,2019.0,73.0
584,6.416666666666667,229.0,4.79,33.0,23.0,118.0,6.92,4.21,2017.0,-0.3
587,6.5,231.0,4.89,27.5,23.0,110.0,7.5,4.75,2020.0,-1.0
588,6.5,234.0,4.61,32.5,23.0,117.0,7.16,4.22,2021.0,-1.4
591,6.083333333333333,213.0,4.79,31.5,23.0,103.0,6.94,4.15,2018.0,-0.6
593,6.25,225.0,4.82,31.0,23.0,110.0,7.09,4.28,2012.0,-1.9
594,6.333333333333333,226.0,4.92,31.0,23.0,111.0,7.09,4.28,2018.0,-3.2
602,6.416666666666667,237.0,4.75,33.5,23.0,119.0,6.9,4.4,2018.0,396.1
603,6.166666666666667,223.0,4.71,34.5,23.0,110.0,7.38,4.28,2005.0,383.3
604,5.833333333333333,207.0,4.82,31.0,23.0,110.0,7.09,4.28,2019.0,378.7
605,6.166666666666667,225.0,4.8,30.0,23.0,114.0,6.88,4.08,2017.0,374.4
606,6.166666666666667,221.0,4.66,32.5,23.0,119.0,6.95,4.31,2017.0,369.3
611,5.916666666666667,204.0,4.53,34.0,23.0,118.0,6.97,4.09,2012.0,359.8
618,6.333333333333333,221.0,4.65,31.0,23.0,110.0,7.09,4.28,2012.0,344.4
620,6.333333333333333,211.0,5.28,24.5,23.0,99.0,7.2,4.38,2000.0,337.9
624,6.5,236.0,4.68,35.5,23.0,123.0,7.06,4.46,2020.0,332.8
625,6.166666666666667,216.0,4.82,31.0,23.0,110.0,7.09,4.28,2018.0,332.8
640,6.25,214.0,4.84,28.5,23.0,109.0,7.05,4.5,2012.0,306.2
670,6.416666666666667,228.0,4.89,31.0,23.0,110.0,7.4,4.51,2008.0,282.4
673,6.166666666666667,214.0,4.69,34.5,23.0,110.0,7.09,4.2,2014.0,272.1
674,6.416666666666667,241.0,4.75,31.0,23.0,110.0,7.09,4.28,2004.0,267.2
675,6.166666666666667,225.0,4.81,30.5,23.0,107.0,7.06,4.47,2009.0,260.6
676,6.416666666666667,248.0,4.56,35.0,23.0,126.0,6.92,4.18,2011.0,261.0
677,6.083333333333333,215.0,4.84,29.0,23.0,111.0,7.0,4.28,2018.0,248.6
678,6.166666666666667,214.0,4.82,30.0,23.0,113.0,7.17,4.2,2014.0,241.2
679,6.333333333333333,215.0,4.82,27.0,23.0,110.0,7.17,4.47,2016.0,240.0
680,6.416666666666667,229.0,5.08,31.0,23.0,110.0,7.09,4.28,2004.0,240.0
681,6.0,213.0,4.83,32.0,23.0,105.0,7.09,4.21,2001.0,209.5
682,6.416666666666667,237.0,4.77,30.5,23.0,118.0,6.86,4.15,2016.0,198.4
683,6.333333333333333,228.0,4.69,31.0,23.0,112.0,7.03,4.12,2019.0,181.3
684,6.416666666666667,221.0,4.81,33.5,23.0,120.0,7.0,4.41,2019.0,180.0
685,6.25,221.0,4.82,31.0,23.0,110.0,7.09,4.28,2020.0,173.7
686,6.25,225.0,4.82,31.0,23.0,110.0,7.09,4.28,2012.0,160.7
687,6.166666666666667,222.0,4.67,27.5,23.0,116.0,6.87,4.25,2017.0,153.7
688,6.166666666666667,232.0,4.86,30.5,23.0,105.0,7.09,4.07,2005.0,153.7
689,6.25,225.0,4.82,31.0,23.0,110.0,7.09,4.28,2012.0,156.6
690,6.166666666666667,215.0,4.83,29.5,23.0,106.0,6.93,4.27,2011.0,136.9
691,6.166666666666667,226.0,4.79,32.5,23.0,116.0,7.11,4.32,2016.0,135.6
692,6.0,217.0,4.82,31.0,23.0,110.0,7.09,4.28,2020.0,135.5
693,6.25,221.0,4.85,26.5,23.0,105.0,6.96,4.4,2018.0,134.0
704,6.25,225.0,4.82,31.0,23.0,110.0,7.09,4.28,2012.0,116.3
718,6.083333333333333,222.0,4.59,35.0,23.0,125.0,7.09,4.28,2020.0,109.1
722,6.416666666666667,243.0,5.14,30.5,23.0,112.0,7.09,4.28,2012.0,104.2
768,6.333333333333333,217.0,4.71,32.0,23.0,113.0,6.82,3.96,2005.0,71.6
782,6.25,231.0,5.04,28.5,23.0,110.0,7.09,4.28,2019.0,68.2
792,6.166666666666667,226.0,4.97,30.5,23.0,110.0,7.04,4.26,2014.0,64.3
797,6.583333333333333,225.0,4.94,26.5,23.0,102.0,7.49,4.52,2013.0,60.6
816,6.5,236.0,4.84,28.5,23.0,110.0,6.82,4.27,2008.0,54.8
821,6.166666666666667,219.0,4.82,31.0,23.0,113.0,7.09,4.28,2017.0,52.3
827,6.083333333333333,217.0,4.84,28.0,23.0,110.0,7.06,4.33,2016.0,49.7
843,6.25,225.0,4.82,31.0,23.0,110.0,7.09,4.28,2012.0,45.0
888,6.333333333333333,234.0,4.56,32.0,23.0,122.0,7.19,4.25,2016.0,30.1
902,6.5,224.0,4.82,31.0,23.0,110.0,7.09,4.28,2020.0,28.3
910,6.333333333333333,222.0,4.52,36.0,23.0,121.0,6.87,4.11,2015.0,25.8
919,6.25,230.0,4.92,25.5,23.0,106.0,7.17,4.4,2008.0,23.7
928,6.333333333333333,231.0,4.94,31.0,23.0,113.0,7.17,4.53,2016.0,20.6
937,6.333333333333333,213.0,4.73,30.5,23.0,116.0,7.2,4.2,2019.0,19.2
947,6.083333333333333,216.0,4.79,31.0,23.0,114.0,7.09,4.28,2010.0,18.2
951,6.416666666666667,235.0,4.9,26.0,23.0,110.0,7.09,4.28,2018.0,18.4
976,6.333333333333333,234.0,4.61,33.5,23.0,120.0,6.84,4.26,2011.0,15.3
977,6.25,225.0,4.82,31.0,23.0,110.0,7.09,4.28,2012.0,14.5
992,6.166666666666667,218.0,4.81,31.0,23.0,110.0,7.28,4.33,2019.0,12.9
993,6.25,225.0,4.82,31.0,23.0,110.0,7.09,4.28,2012.0,12.8
995,6.0,218.0,4.79,33.0,23.0,110.0,7.28,4.31,2009.0,12.2
996,6.25,225.0,4.82,31.0,23.0,110.0,7.09,4.28,2012.0,11.7
1009,6.166666666666667,210.0,4.91,33.0,23.0,116.0,7.1,4.29,2019.0,11.3
1019,6.166666666666667,227.0,4.91,31.0,23.0,110.0,7.09,4.28,2013.0,9.3
1027,6.0,202.0,4.57,33.0,23.0,115.0,7.09,4.12,2019.0,9.3
1031,6.083333333333333,217.0,4.47,37.5,23.0,126.0,6.78,4.09,2011.0,9.0
1032,6.25,225.0,4.82,31.0,23.0,110.0,7.09,4.28,2012.0,8.5
1039,6.25,225.0,4.82,31.0,23.0,110.0,7.09,4.28,2012.0,7.7
1041,6.25,225.0,4.82,31.0,23.0,110.0,7.09,4.28,2012.0,7.0
1094,6.25,225.0,4.82,31.0,23.0,110.0,7.09,4.28,2012.0,2.6
1095,6.25,225.0,4.82,31.0,23.0,110.0,7.09,4.28,2012.0,2.9
1103,6.25,225.0,4.82,31.0,23.0,110.0,7.09,4.28,2012.0,1.8
1106,6.25,216.0,4.64,33.0,23.0,122.0,6.75,4.31,2017.0,2.1
1110,6.166666666666667,215.0,5.02,32.0,23.0,109.0,7.1,4.42,2009.0,2.0
1113,6.083333333333333,208.0,4.72,32.5,23.0,103.0,7.09,4.28,2012.0,1.8
1118,6.166666666666667,226.0,4.82,31.0,23.0,110.0,7.14,4.31,2017.0,1.9
1123,6.25,225.0,4.82,31.0,23.0,110.0,7.09,4.28,2012.0,2.4
1125,6.333333333333333,231.0,4.97,28.5,23.0,103.0,7.16,4.36,2015.0,2.4
1127,6.5,232.0,5.05,31.0,23.0,100.0,7.2,4.51,2013.0,0.7
1145,6.25,220.0,4.94,28.0,23.0,99.0,7.18,4.34,2014.0,0.8
1150,6.166666666666667,218.0,4.58,33.5,23.0,124.0,7.09,4.28,2013.0,1.1
1157,6.083333333333333,213.0,4.79,31.5,23.0,103.0,6.94,4.15,2018.0,1.3
1165,6.5,243.0,5.04,30.5,23.0,110.0,7.65,4.62,2004.0,-0.4
1166,6.083333333333333,224.0,4.62,33.5,23.0,118.0,6.65,4.05,2019.0,73.0
1167,6.25,225.0,4.82,31.0,23.0,110.0,7.09,4.28,2012.0,-0.9
1171,6.5,234.0,5.02,29.0,23.0,105.0,7.09,4.28,2016.0,-1.5
1175,6.166666666666667,216.0,4.82,31.0,23.0,110.0,7.09,4.28,2018.0,415.7
1185,6.166666666666667,226.0,4.79,32.5,23.0,116.0,7.11,4.32,2016.0,337.8
1187,5.916666666666667,204.0,4.53,34.0,23.0,118.0,6.97,4.09,2012.0,328.6
1190,6.166666666666667,221.0,4.66,32.5,23.0,119.0,6.95,4.31,2017.0,321.0
1203,6.333333333333333,231.0,4.97,28.5,23.0,103.0,7.16,4.36,2015.0,305.4
1217,6.416666666666667,237.0,4.75,33.5,23.0,119.0,6.9,4.4,2018.0,288.6
1221,6.166666666666667,225.0,4.8,30.0,23.0,114.0,6.88,4.08,2017.0,287.0
1223,5.833333333333333,207.0,4.82,31.0,23.0,110.0,7.09,4.28,2019.0,285.3
1229,6.166666666666667,223.0,4.71,34.5,23.0,110.0,7.38,4.28,2005.0,278.4
1233,6.416666666666667,237.0,4.77,30.5,23.0,118.0,6.86,4.15,2016.0,275.9
1242,6.416666666666667,228.0,4.89,31.0,23.0,110.0,7.4,4.51,2008.0,267.3
1250,6.333333333333333,211.0,5.28,24.5,23.0,99.0,7.2,4.38,2000.0,263.7
1251,6.333333333333333,215.0,4.82,27.0,23.0,110.0,7.17,4.47,2016.0,247.5
1252,6.166666666666667,226.0,4.97,30.5,23.0,110.0,7.04,4.26,2014.0,247.3
1253,6.166666666666667,214.0,4.69,34.5,23.0,110.0,7.09,4.2,2014.0,244.4
1254,6.25,214.0,4.84,28.5,23.0,109.0,7.05,4.5,2012.0,244.4
1255,6.166666666666667,232.0,4.86,30.5,23.0,105.0,7.09,4.07,2005.0,241.5
1256,6.416666666666667,229.0,5.08,31.0,23.0,110.0,7.09,4.28,2004.0,235.5
1257,6.083333333333333,215.0,4.84,29.0,23.0,111.0,7.0,4.28,2018.0,229.2
1258,6.25,225.0,4.82,31.0,23.0,110.0,7.09,4.28,2012.0,229.2
1259,6.0,213.0,4.83,32.0,23.0,105.0,7.09,4.21,2001.0,224.8
1260,6.333333333333333,221.0,4.65,31.0,23.0,110.0,7.09,4.28,2012.0,224.2
1261,6.333333333333333,231.0,4.94,31.0,23.0,113.0,7.17,4.53,2016.0,217.7
1262,6.416666666666667,221.0,4.81,33.5,23.0,120.0,7.0,4.41,2019.0,215.0
1263,6.166666666666667,215.0,4.83,29.5,23.0,106.0,6.93,4.27,2011.0,203.7
1264,6.166666666666667,222.0,4.67,27.5,23.0,116.0,6.87,4.25,2017.0,202.8
1265,6.25,221.0,4.85,26.5,23.0,105.0,6.96,4.4,2018.0,189.2
1266,6.25,225.0,4.82,31.0,23.0,110.0,7.09,4.28,2012.0,177.5
1267,6.166666666666667,225.0,4.81,30.5,23.0,107.0,7.06,4.47,2009.0,166.6
1288,6.416666666666667,235.0,4.9,26.0,23.0,110.0,7.09,4.28,2018.0,108.8
1292,6.083333333333333,208.0,4.72,32.5,23.0,103.0,7.09,4.28,2012.0,103.5
1307,6.166666666666667,214.0,4.82,30.0,23.0,113.0,7.17,4.2,2014.0,90.5
1313,6.5,236.0,4.84,28.5,23.0,110.0,6.82,4.27,2008.0,84.9
1315,6.333333333333333,222.0,4.52,36.0,23.0,121.0,6.87,4.11,2015.0,85.0
1320,6.25,225.0,4.82,31.0,23.0,110.0,7.09,4.28,2012.0,102.2
1326,6.25,231.0,5.04,28.5,23.0,110.0,7.09,4.28,2019.0,76.7
1349,6.333333333333333,228.0,4.69,31.0,23.0,112.0,7.03,4.12,2019.0,68.0
1365,6.333333333333333,234.0,4.56,32.0,23.0,122.0,7.19,4.25,2016.0,58.1
1377,6.25,225.0,4.82,31.0,23.0,110.0,7.09,4.28,2012.0,55.4
1378,6.416666666666667,221.0,4.9,31.0,23.0,110.0,7.09,4.28,2004.0,54.4
1388,6.25,225.0,4.82,31.0,23.0,110.0,7.09,4.28,2012.0,51.3
1415,6.25,225.0,4.82,31.0,23.0,110.0,7.09,4.28,2012.0,42.3
1428,6.416666666666667,243.0,5.14,30.5,23.0,112.0,7.09,4.28,2012.0,37.7
1442,6.083333333333333,217.0,4.84,28.0,23.0,110.0,7.06,4.33,2016.0,32.5
1444,6.5,243.0,5.04,30.5,23.0,110.0,7.65,4.62,2004.0,32.9
1465,6.0,218.0,4.79,33.0,23.0,110.0,7.28,4.31,2009.0,26.0
1476,6.333333333333333,213.0,4.73,30.5,23.0,116.0,7.2,4.2,2019.0,24.7
1501,6.166666666666667,215.0,5.02,32.0,23.0,109.0,7.1,4.42,2009.0,21.1
1515,6.333333333333333,226.0,4.92,31.0,23.0,111.0,7.09,4.28,2018.0,18.0
1519,6.25,220.0,4.94,28.0,23.0,99.0,7.18,4.34,2014.0,16.9
1520,6.416666666666667,248.0,4.56,35.0,23.0,126.0,6.92,4.18,2011.0,16.7
1527,6.25,225.0,4.82,31.0,23.0,110.0,7.09,4.28,2012.0,16.0
1545,6.416666666666667,241.0,4.75,31.0,23.0,110.0,7.09,4.28,2004.0,12.7
1573,6.333333333333333,215.0,4.82,26.5,23.0,103.0,7.09,4.28,2018.0,8.6
1600,6.166666666666667,227.0,4.91,31.0,23.0,110.0,7.09,4.28,2013.0,6.0
1602,6.25,226.0,4.63,36.0,23.0,120.0,6.93,3.98,2015.0,6.1
1607,6.083333333333333,217.0,4.47,37.5,23.0,126.0,6.78,4.09,2011.0,6.0
1626,6.583333333333333,225.0,4.94,26.5,23.0,102.0,7.49,4.52,2013.0,4.2
1627,6.083333333333333,216.0,4.79,31.0,23.0,114.0,7.09,4.28,2010.0,4.3
1680,6.166666666666667,217.0,4.84,34.0,23.0,112.0,7.09,4.28,2019.0,1.3
1681,6.25,225.0,4.82,31.0,23.0,110.0,7.09,4.28,2012.0,0.6
1692,6.333333333333333,221.0,4.59,38.5,23.0,120.0,6.85,3.9,2002.0,0.8
1710,6.25,225.0,4.82,31.0,23.0,110.0,7.09,4.28,2012.0,-0.1
1714,6.25,225.0,4.82,31.0,23.0,110.0,7.09,4.28,2012.0,-0.3
1718,6.0,202.0,4.57,33.0,23.0,115.0,7.09,4.12,2019.0,0.1
1720,6.25,225.0,4.82,31.0,23.0,110.0,7.09,4.28,2012.0,-0.3
1723,6.25,225.0,4.82,31.0,23.0,110.0,7.09,4.28,2012.0,0.1
1724,6.25,225.0,4.82,31.0,23.0,110.0,7.09,4.28,2012.0,73.0
1726,6.416666666666667,232.0,4.93,32.5,23.0,115.0,7.08,4.21,2014.0,-0.8
1727,6.5,229.0,5.14,31.0,23.0,105.0,7.29,4.39,2015.0,-1.5
1730,6.166666666666667,218.0,4.81,31.0,23.0,110.0,7.28,4.33,2019.0,-1.6
1736,6.166666666666667,225.0,4.8,30.0,23.0,114.0,6.88,4.08,2017.0,417.1
1752,6.416666666666667,228.0,4.89,31.0,23.0,110.0,7.4,4.51,2008.0,355.0
1758,6.416666666666667,241.0,4.75,31.0,23.0,110.0,7.09,4.28,2004.0,341.9
1762,6.166666666666667,221.0,4.66,32.5,23.0,119.0,6.95,4.31,2017.0,331.7
1769,6.333333333333333,234.0,4.59,36.0,23.0,124.0,6.8,4.28,2012.0,327.9
1774,6.166666666666667,223.0,4.71,34.5,23.0,110.0,7.38,4.28,2005.0,312.6
1776,6.333333333333333,215.0,4.82,27.0,23.0,110.0,7.17,4.47,2016.0,310.3
1783,6.0,213.0,4.83,32.0,23.0,105.0,7.09,4.21,2001.0,305.0
1789,5.916666666666667,204.0,4.53,34.0,23.0,118.0,6.97,4.09,2012.0,299.4
1800,6.166666666666667,226.0,4.79,32.5,23.0,116.0,7.11,4.32,2016.0,285.9
1801,6.416666666666667,229.0,5.08,31.0,23.0,110.0,7.09,4.28,2004.0,285.0
1806,6.416666666666667,248.0,4.56,35.0,23.0,126.0,6.92,4.18,2011.0,282.6
1810,6.25,214.0,4.84,28.5,23.0,109.0,7.05,4.5,2012.0,283.1
1811,6.333333333333333,211.0,5.28,24.5,23.0,99.0,7.2,4.38,2000.0,281.3
1812,6.166666666666667,222.0,4.67,27.5,23.0,116.0,6.87,4.25,2017.0,263.0
1813,6.416666666666667,221.0,4.9,31.0,23.0,110.0,7.09,4.28,2004.0,240.0
1814,6.083333333333333,215.0,4.84,29.0,23.0,111.0,7.0,4.28,2018.0,240.1
1815,6.166666666666667,214.0,4.69,34.5,23.0,110.0,7.09,4.2,2014.0,216.8
1816,6.083333333333333,208.0,4.72,32.5,23.0,103.0,7.09,4.28,2012.0,214.9
1817,6.166666666666667,225.0,4.81,30.5,23.0,107.0,7.06,4.47,2009.0,212.2
1818,6.416666666666667,237.0,4.75,33.5,23.0,119.0,6.9,4.4,2018.0,208.1
1819,6.333333333333333,231.0,4.97,28.5,23.0,103.0,7.16,4.36,2015.0,195.8
1820,6.416666666666667,237.0,4.77,30.5,23.0,118.0,6.86,4.15,2016.0,193.7
1821,6.166666666666667,215.0,4.83,29.5,23.0,106.0,6.93,4.27,2011.0,174.5
1822,6.333333333333333,222.0,4.52,36.0,23.0,121.0,6.87,4.11,2015.0,175.9
1823,6.416666666666667,232.0,4.93,32.5,23.0,115.0,7.08,4.21,2014.0,173.2
1824,6.25,221.0,4.85,26.5,23.0,105.0,6.96,4.4,2018.0,168.4
1825,6.166666666666667,232.0,4.86,30.5,23.0,105.0,7.09,4.07,2005.0,165.8
1826,6.166666666666667,216.0,4.82,31.0,23.0,110.0,7.09,4.28,2018.0,157.5
1827,6.333333333333333,221.0,4.65,31.0,23.0,110.0,7.09,4.28,2012.0,143.0
1828,6.333333333333333,217.0,4.71,32.0,23.0,113.0,6.82,3.96,2005.0,138.0
1829,6.5,236.0,4.84,28.5,23.0,110.0,6.82,4.27,2008.0,137.1
1833,6.25,225.0,4.82,31.0,23.0,110.0,7.09,4.28,2012.0,123.5
1839,6.333333333333333,226.0,4.92,31.0,23.0,111.0,7.09,4.28,2018.0,112.9
1878,6.333333333333333,234.0,4.56,32.0,23.0,122.0,7.19,4.25,2016.0,85.1
1895,6.166666666666667,219.0,4.82,31.0,23.0,113.0,7.09,4.28,2017.0,75.0
1896,6.416666666666667,243.0,5.14,30.5,23.0,112.0,7.09,4.28,2012.0,76.2
1912,6.583333333333333,242.0,4.83,31.0,23.0,110.0,7.09,4.28,2012.0,68.0
1950,6.25,213.0,4.53,33.5,23.0,110.0,7.56,4.42,2008.0,49.6
1957,6.166666666666667,226.0,4.97,30.5,23.0,110.0,7.04,4.26,2014.0,48.0
1979,6.083333333333333,217.0,4.47,37.5,23.0,126.0,6.78,4.09,2011.0,41.4
1984,6.083333333333333,220.0,4.89,29.5,23.0,104.0,7.32,4.0,2016.0,38.7
1990,6.25,225.0,4.82,31.0,23.0,110.0,7.09,4.28,2012.0,53.1
2004,6.333333333333333,234.0,4.61,33.5,23.0,120.0,6.84,4.26,2011.0,33.0
2018,6.25,225.0,4.82,31.0,23.0,110.0,7.09,4.28,2012.0,33.6
2022,6.0,218.0,4.79,33.0,23.0,110.0,7.28,4.31,2009.0,30.7
2035,6.25,225.0,4.82,31.0,23.0,110.0,7.09,4.28,2012.0,26.5
2038,6.083333333333333,216.0,4.79,31.0,23.0,114.0,7.09,4.28,2010.0,27.2
2065,6.333333333333333,221.0,4.59,38.5,23.0,120.0,6.85,3.9,2002.0,20.8
2075,6.166666666666667,227.0,4.91,31.0,23.0,110.0,7.09,4.28,2013.0,17.1
2099,6.25,225.0,4.82,31.0,23.0,110.0,7.09,4.28,2012.0,13.9
2105,6.333333333333333,236.0,4.79,31.0,23.0,110.0,7.09,4.28,2010.0,12.7
2108,6.166666666666667,226.0,4.82,31.0,23.0,110.0,7.14,4.31,2017.0,12.8
2116,6.583333333333333,225.0,4.94,26.5,23.0,102.0,7.49,4.52,2013.0,11.0
2142,6.5,248.0,4.61,35.5,23.0,118.0,7.05,4.18,2014.0,20.3
2144,6.5,242.0,5.03,29.0,23.0,103.0,7.67,4.62,2005.0,6.5
2147,6.166666666666667,214.0,4.82,30.0,23.0,113.0,7.17,4.2,2014.0,7.2
2166,6.333333333333333,233.0,4.83,30.5,23.0,107.0,7.4,4.53,2017.0,5.4
2170,6.5,234.0,5.02,29.0,23.0,105.0,7.09,4.28,2016.0,4.7
2204,6.25,225.0,4.82,31.0,23.0,110.0,7.09,4.28,2012.0,1.7
2212,6.25,225.0,4.82,31.0,23.0,110.0,7.09,4.28,2012.0,1.6
2235,6.25,216.0,4.64,33.0,23.0,122.0,6.75,4.31,2017.0,0.8
2238,6.25,225.0,4.82,31.0,23.0,110.0,7.09,4.28,2012.0,0.8
2241,6.25,230.0,4.92,25.5,23.0,106.0,7.17,4.4,2008.0,1.5
2265,6.25,225.0,4.82,31.0,23.0,110.0,7.09,4.28,2012.0,-0.1
2266,6.5,229.0,5.14,31.0,23.0,105.0,7.29,4.39,2015.0,73.0
2267,6.25,220.0,4.94,28.0,23.0,99.0,7.18,4.34,2014.0,0.1
2269,6.166666666666667,227.0,4.93,32.5,23.0,116.0,7.06,4.21,2009.0,0.3
2270,6.5,243.0,5.04,30.5,23.0,110.0,7.65,4.62,2004.0,1.1
2272,6.25,221.0,4.89,31.0,23.0,110.0,7.09,4.28,2012.0,-0.1
2274,6.333333333333333,231.0,4.94,31.0,23.0,113.0,7.17,4.53,2016.0,-0.6
2275,6.166666666666667,215.0,5.02,32.0,23.0,109.0,7.1,4.42,2009.0,-0.5
2277,6.166666666666667,218.0,4.58,33.5,23.0,124.0,7.09,4.28,2013.0,-1.5
2281,6.25,222.0,4.81,31.0,23.0,113.0,6.95,4.07,2018.0,-2.2
2290,5.916666666666667,204.0,4.53,34.0,23.0,118.0,6.97,4.09,2012.0,347.9
2304,6.416666666666667,248.0,4.56,35.0,23.0,126.0,6.92,4.18,2011.0,299.5
2309,6.333333333333333,211.0,5.28,24.5,23.0,99.0,7.2,4.38,2000.0,295.9
2310,6.333333333333333,217.0,4.71,32.0,23.0,113.0,6.82,3.96,2005.0,295.2
2321,6.416666666666667,237.0,4.77,30.5,23.0,118.0,6.86,4.15,2016.0,281.7
2324,6.25,214.0,4.84,28.5,23.0,109.0,7.05,4.5,2012.0,277.6
2334,6.166666666666667,225.0,4.81,30.5,23.0,107.0,7.06,4.47,2009.0,273.6
2338,6.416666666666667,229.0,5.08,31.0,23.0,110.0,7.09,4.28,2004.0,270.4
2344,6.0,213.0,4.83,32.0,23.0,105.0,7.09,4.21,2001.0,262.6
2348,6.416666666666667,241.0,4.75,31.0,23.0,110.0,7.09,4.28,2004.0,260.7
2349,6.166666666666667,226.0,4.79,32.5,23.0,116.0,7.11,4.32,2016.0,260.7
2358,6.333333333333333,215.0,4.82,27.0,23.0,110.0,7.17,4.47,2016.0,255.3
2359,6.416666666666667,232.0,4.93,32.5,23.0,115.0,7.08,4.21,2014.0,249.7
2360,6.083333333333333,208.0,4.72,32.5,23.0,103.0,7.09,4.28,2012.0,237.9
2361,6.416666666666667,228.0,4.89,31.0,23.0,110.0,7.4,4.51,2008.0,228.1
2362,6.083333333333333,217.0,4.47,37.5,23.0,126.0,6.78,4.09,2011.0,222.7
2363,6.166666666666667,215.0,4.83,29.5,23.0,106.0,6.93,4.27,2011.0,210.7
2364,6.333333333333333,222.0,4.52,36.0,23.0,121.0,6.87,4.11,2015.0,210.5
2365,6.333333333333333,231.0,4.94,31.0,23.0,113.0,7.17,4.53,2016.0,205.9
2366,6.166666666666667,214.0,4.69,34.5,23.0,110.0,7.09,4.2,2014.0,206.4
2367,6.333333333333333,221.0,4.59,38.5,23.0,120.0,6.85,3.9,2002.0,205.4
2368,6.333333333333333,231.0,4.97,28.5,23.0,103.0,7.16,4.36,2015.0,201.7
2369,6.416666666666667,221.0,4.9,31.0,23.0,110.0,7.09,4.28,2004.0,187.3
2370,6.5,236.0,4.84,28.5,23.0,110.0,6.82,4.27,2008.0,185.0
2371,6.333333333333333,233.0,4.83,30.5,23.0,107.0,7.4,4.53,2017.0,175.7
2372,6.166666666666667,221.0,4.66,32.5,23.0,119.0,6.95,4.31,2017.0,168.9
2373,6.25,226.0,4.77,31.0,23.0,110.0,7.1,4.26,2006.0,157.8
2374,6.166666666666667,222.0,4.67,27.5,23.0,116.0,6.87,4.25,2017.0,134.5
2375,6.166666666666667,223.0,4.71,34.5,23.0,110.0,7.38,4.28,2005.0,129.6
2376,6.25,225.0,4.82,31.0,23.0,110.0,7.09,4.28,2012.0,126.1
2378,6.25,226.0,4.63,36.0,23.0,120.0,6.93,3.98,2015.0,124.4
2398,6.416666666666667,232.0,4.65,31.0,23.0,110.0,7.09,4.28,2003.0,102.3
2411,6.166666666666667,219.0,4.82,31.0,23.0,113.0,7.09,4.28,2017.0,88.8
2414,6.166666666666667,226.0,4.97,30.5,23.0,110.0,7.04,4.26,2014.0,87.9
2437,6.166666666666667,232.0,4.86,30.5,23.0,105.0,7.09,4.07,2005.0,73.9
2451,6.583333333333333,242.0,4.83,31.0,23.0,110.0,7.09,4.28,2012.0,67.9
2460,6.166666666666667,215.0,5.02,32.0,23.0,109.0,7.1,4.42,2009.0,63.9
2467,6.333333333333333,234.0,4.61,33.5,23.0,120.0,6.84,4.26,2011.0,61.6
2491,6.333333333333333,228.0,4.97,27.0,23.0,105.0,7.33,4.36,2014.0,50.7
2498,6.25,226.0,4.75,30.5,23.0,108.0,6.77,4.41,2007.0,50.5
2519,6.25,225.0,4.82,31.0,23.0,110.0,7.09,4.28,2012.0,41.3
2552,6.416666666666667,243.0,5.14,30.5,23.0,112.0,7.09,4.28,2012.0,33.8
2553,6.583333333333333,225.0,4.94,26.5,23.0,102.0,7.49,4.52,2013.0,33.7
2554,6.25,218.0,4.78,32.5,23.0,113.0,6.9,4.31,2016.0,33.8
2556,6.25,219.0,5.06,29.5,23.0,104.0,6.96,4.12,2011.0,34.0
2567,6.25,225.0,4.82,31.0,23.0,110.0,7.09,4.28,2012.0,50.0
2575,6.333333333333333,236.0,4.79,31.0,23.0,110.0,7.09,4.28,2010.0,27.0
2585,6.25,230.0,4.87,34.0,23.0,121.0,6.91,4.13,2015.0,25.3
2605,6.166666666666667,212.0,4.99,28.0,23.0,103.0,7.55,4.5,2014.0,19.4
2627,6.583333333333333,244.0,4.86,36.0,23.0,118.0,7.14,4.26,2016.0,14.8
2635,6.25,225.0,4.82,31.0,23.0,110.0,7.09,4.28,2012.0,14.1
2650,6.5,248.0,4.61,35.5,23.0,118.0,7.05,4.18,2014.0,19.7
2668,6.166666666666667,225.0,4.8,30.0,23.0,114.0,6.88,4.08,2017.0,10.4
2671,6.166666666666667,226.0,4.82,31.0,23.0,110.0,7.14,4.31,2017.0,10.4
2673,6.166666666666667,218.0,4.58,33.5,23.0,124.0,7.09,4.28,2013.0,9.7
2681,6.333333333333333,225.0,5.11,31.0,23.0,115.0,7.12,4.3,2013.0,8.6
2695,6.5,234.0,5.02,29.0,23.0,105.0,7.09,4.28,2016.0,7.6
2728,6.5,229.0,5.14,31.0,23.0,105.0,7.29,4.39,2015.0,5.2
2743,6.25,225.0,4.82,31.0,23.0,110.0,7.09,4.28,2012.0,6.5
2754,6.083333333333333,220.0,4.89,29.5,23.0,104.0,7.32,4.0,2016.0,2.9
2756,6.25,220.0,4.94,28.0,23.0,99.0,7.18,4.34,2014.0,2.6
2766,6.25,225.0,4.82,31.0,23.0,110.0,7.09,4.28,2012.0,2.5
2783,6.25,225.0,4.82,31.0,23.0,110.0,7.09,4.28,2012.0,0.6
2790,6.25,228.0,4.93,27.0,23.0,105.0,7.23,4.47,2017.0,1.4
2794,6.5,242.0,5.03,29.0,23.0,103.0,7.67,4.62,2005.0,0.5
2795,6.25,225.0,4.82,31.0,23.0,110.0,7.09,4.28,2012.0,0.4
2797,6.0,218.0,4.79,33.0,23.0,110.0,7.28,4.31,2009.0,-0.2
2798,6.166666666666667,219.0,4.69,31.0,23.0,109.0,6.73,4.11,2012.0,-0.1
2810,6.166666666666667,224.0,4.89,31.0,23.0,110.0,7.09,4.28,2006.0,-1.1
2811,6.25,230.0,4.92,25.5,23.0,106.0,7.17,4.4,2008.0,-0.5
2816,6.25,225.0,4.82,31.0,23.0,110.0,7.09,4.28,2012.0,-1.0
2817,6.5,232.0,5.05,31.0,23.0,100.0,7.2,4.51,2013.0,-2.0
2818,6.166666666666667,214.0,4.82,30.0,23.0,113.0,7.17,4.2,2014.0,-2.3
2822,6.166666666666667,223.0,4.71,34.5,23.0,110.0,7.38,4.28,2005.0,380.0
2828,6.416666666666667,228.0,4.89,31.0,23.0,110.0,7.4,4.51,2008.0,347.5
2833,6.0,213.0,4.83,32.0,23.0,105.0,7.09,4.21,2001.0,332.3
2841,6.333333333333333,234.0,4.59,36.0,23.0,124.0,6.8,4.28,2012.0,307.7
2845,6.25,214.0,4.84,28.5,23.0,109.0,7.05,4.5,2012.0,300.3
2857,6.166666666666667,226.0,4.79,32.5,23.0,116.0,7.11,4.32,2016.0,286.9
2866,6.166666666666667,225.0,4.81,30.5,23.0,107.0,7.06,4.47,2009.0,279.8
2874,6.083333333333333,217.0,4.47,37.5,23.0,126.0,6.78,4.09,2011.0,270.9
2877,6.416666666666667,232.0,4.93,32.5,23.0,115.0,7.08,4.21,2014.0,271.1
2879,6.166666666666667,214.0,4.69,34.5,23.0,110.0,7.09,4.2,2014.0,268.5
2881,5.916666666666667,204.0,4.53,34.0,23.0,118.0,6.97,4.09,2012.0,270.1
2894,6.166666666666667,215.0,4.83,29.5,23.0,106.0,6.93,4.27,2011.0,260.6
2898,6.333333333333333,222.0,4.52,36.0,23.0,121.0,6.87,4.11,2015.0,259.9
2899,6.333333333333333,211.0,5.28,24.5,23.0,99.0,7.2,4.38,2000.0,258.6
2900,6.416666666666667,229.0,5.08,31.0,23.0,110.0,7.09,4.28,2004.0,258.9
2901,6.333333333333333,231.0,4.97,28.5,23.0,103.0,7.16,4.36,2015.0,256.1
2902,6.416666666666667,248.0,4.56,35.0,23.0,126.0,6.92,4.18,2011.0,254.3
2903,6.416666666666667,241.0,4.75,31.0,23.0,110.0,7.09,4.28,2004.0,252.2
2904,6.416666666666667,232.0,4.65,31.0,23.0,110.0,7.09,4.28,2003.0,243.1
2905,6.5,236.0,4.84,28.5,23.0,110.0,6.82,4.27,2008.0,242.5
2906,6.416666666666667,221.0,4.9,31.0,23.0,110.0,7.09,4.28,2004.0,224.2
2907,6.333333333333333,217.0,4.71,32.0,23.0,113.0,6.82,3.96,2005.0,224.8
2908,6.333333333333333,236.0,4.79,31.0,23.0,110.0,7.09,4.28,2010.0,221.9
2909,6.416666666666667,237.0,4.77,30.5,23.0,118.0,6.86,4.15,2016.0,214.0
2910,6.416666666666667,233.0,4.53,32.5,23.0,115.0,6.85,4.18,2011.0,200.4
2911,6.25,225.0,4.82,31.0,23.0,110.0,7.09,4.28,2012.0,191.7
2912,6.333333333333333,221.0,4.65,31.0,23.0,110.0,7.09,4.28,2012.0,190.2
2913,6.583333333333333,242.0,4.83,31.0,23.0,110.0,7.09,4.28,2012.0,169.0
2914,6.166666666666667,232.0,4.86,30.5,23.0,105.0,7.09,4.07,2005.0,133.4
2933,6.083333333333333,208.0,4.72,32.5,23.0,103.0,7.09,4.28,2012.0,111.1
2975,6.166666666666667,215.0,5.02,32.0,23.0,109.0,7.1,4.42,2009.0,79.6
2982,6.083333333333333,220.0,4.89,29.5,23.0,104.0,7.32,4.0,2016.0,77.0
2989,6.333333333333333,234.0,4.61,33.5,23.0,120.0,6.84,4.26,2011.0,73.7
2995,6.166666666666667,227.0,4.91,31.0,23.0,110.0,7.09,4.28,2013.0,71.8
3006,6.25,225.0,4.82,31.0,23.0,110.0,7.09,4.28,2012.0,66.4
3025,6.25,225.0,4.82,31.0,23.0,110.0,7.09,4.28,2012.0,54.7
3033,6.333333333333333,215.0,4.82,27.0,23.0,110.0,7.17,4.47,2016.0,53.2
3036,6.333333333333333,221.0,4.59,38.5,23.0,120.0,6.85,3.9,2002.0,52.1
3045,6.25,226.0,4.77,31.0,23.0,110.0,7.1,4.26,2006.0,46.8
3080,6.166666666666667,226.0,4.97,30.5,23.0,110.0,7.04,4.26,2014.0,36.0
3086,6.333333333333333,225.0,5.11,31.0,23.0,115.0,7.12,4.3,2013.0,33.9
3092,6.25,230.0,4.87,34.0,23.0,121.0,6.91,4.13,2015.0,32.3
3101,6.333333333333333,231.0,4.94,31.0,23.0,113.0,7.17,4.53,2016.0,28.3
3102,6.416666666666667,243.0,5.14,30.5,23.0,112.0,7.09,4.28,2012.0,28.0
3103,6.583333333333333,244.0,4.86,36.0,23.0,118.0,7.14,4.26,2016.0,28.4
3155,6.333333333333333,228.0,4.97,27.0,23.0,105.0,7.33,4.36,2014.0,17.6
3156,6.5,242.0,5.03,29.0,23.0,103.0,7.67,4.62,2005.0,16.5
3159,6.25,218.0,4.78,32.5,23.0,113.0,6.9,4.31,2016.0,16.7
3163,6.25,225.0,4.82,31.0,23.0,110.0,7.09,4.28,2012.0,15.7
3205,6.25,225.0,4.82,31.0,23.0,110.0,7.09,4.28,2012.0,10.2
3215,6.583333333333333,225.0,4.94,26.5,23.0,102.0,7.49,4.52,2013.0,9.0
3220,6.25,226.0,4.75,30.5,23.0,108.0,6.77,4.41,2007.0,9.4
3226,6.416666666666667,223.0,4.75,33.0,23.0,112.0,7.0,4.11,2006.0,9.4
3228,6.0,212.0,4.77,32.0,23.0,110.0,7.09,4.4,2016.0,7.9
3234,6.166666666666667,218.0,4.58,33.5,23.0,124.0,7.09,4.28,2013.0,7.9
3243,6.25,225.0,4.82,31.0,23.0,110.0,7.09,4.28,2012.0,7.4
3250,6.333333333333333,217.0,4.79,33.0,23.0,113.0,7.21,4.28,2016.0,6.0
3264,6.166666666666667,230.0,5.01,30.0,23.0,105.0,7.11,4.2,2003.0,5.2
3294,6.416666666666667,253.0,4.81,36.0,23.0,110.0,7.09,4.28,2016.0,1.7
3297,6.25,225.0,4.82,31.0,23.0,110.0,7.09,4.28,2012.0,1.7
3317,6.0,218.0,4.79,33.0,23.0,110.0,7.28,4.31,2009.0,0.6
3319,6.166666666666667,212.0,4.99,28.0,23.0,103.0,7.55,4.5,2014.0,0.9
3343,6.166666666666667,224.0,4.89,31.0,23.0,110.0,7.09,4.28,2006.0,-0.1
3344,6.25,230.0,4.92,25.5,23.0,106.0,7.17,4.4,2008.0,-0.2
3352,6.166666666666667,227.0,4.93,32.5,23.0,116.0,7.06,4.21,2009.0,-0.5
3353,6.5,243.0,5.04,30.5,23.0,110.0,7.65,4.62,2004.0,0.4
3358,6.5,229.0,5.14,31.0,23.0,105.0,7.29,4.39,2015.0,-1.3
3360,6.25,226.0,4.63,36.0,23.0,120.0,6.93,3.98,2015.0,-1.5
3366,6.416666666666667,248.0,4.56,35.0,23.0,126.0,6.92,4.18,2011.0,389.1
3381,6.333333333333333,211.0,5.28,24.5,23.0,99.0,7.2,4.38,2000.0,344.7
3385,5.916666666666667,204.0,4.53,34.0,23.0,118.0,6.97,4.09,2012.0,336.3
3400,6.416666666666667,232.0,4.93,32.5,23.0,115.0,7.08,4.21,2014.0,316.1
3408,6.416666666666667,232.0,4.65,31.0,23.0,110.0,7.09,4.28,2003.0,309.2
3410,6.0,213.0,4.83,32.0,23.0,105.0,7.09,4.21,2001.0,304.2
3414,6.166666666666667,223.0,4.71,34.5,23.0,110.0,7.38,4.28,2005.0,301.2
3425,6.25,214.0,4.84,28.5,23.0,109.0,7.05,4.5,2012.0,293.4
3428,6.166666666666667,225.0,4.81,30.5,23.0,107.0,7.06,4.47,2009.0,290.8
3431,6.416666666666667,221.0,4.9,31.0,23.0,110.0,7.09,4.28,2004.0,287.4
3434,6.166666666666667,232.0,4.86,30.5,23.0,105.0,7.09,4.07,2005.0,285.2
3437,6.416666666666667,229.0,5.08,31.0,23.0,110.0,7.09,4.28,2004.0,284.5
3439,6.333333333333333,231.0,4.97,28.5,23.0,103.0,7.16,4.36,2015.0,275.0
3440,6.166666666666667,214.0,4.69,34.5,23.0,110.0,7.09,4.2,2014.0,271.3
3441,6.333333333333333,217.0,4.71,32.0,23.0,113.0,6.82,3.96,2005.0,271.2
3442,6.083333333333333,217.0,4.47,37.5,23.0,126.0,6.78,4.09,2011.0,271.6
3443,6.333333333333333,221.0,4.65,31.0,23.0,110.0,7.09,4.28,2012.0,258.3
3444,6.166666666666667,215.0,4.83,29.5,23.0,106.0,6.93,4.27,2011.0,244.2
3445,6.416666666666667,228.0,4.89,31.0,23.0,110.0,7.4,4.51,2008.0,233.9
3446,6.416666666666667,241.0,4.75,31.0,23.0,110.0,7.09,4.28,2004.0,228.1
3447,6.25,226.0,4.77,31.0,23.0,110.0,7.1,4.26,2006.0,226.5
3448,6.333333333333333,222.0,4.52,36.0,23.0,121.0,6.87,4.11,2015.0,211.0
3449,6.166666666666667,214.0,4.82,30.0,23.0,113.0,7.17,4.2,2014.0,200.4
3450,6.333333333333333,236.0,4.79,31.0,23.0,110.0,7.09,4.28,2010.0,194.9
3451,6.166666666666667,215.0,5.02,32.0,23.0,109.0,7.1,4.42,2009.0,166.6
3452,6.5,236.0,4.84,28.5,23.0,110.0,6.82,4.27,2008.0,161.9
3453,6.333333333333333,221.0,4.59,38.5,23.0,120.0,6.85,3.9,2002.0,132.2
3454,6.333333333333333,234.0,4.59,36.0,23.0,124.0,6.8,4.28,2012.0,130.8
3456,6.333333333333333,234.0,4.61,33.5,23.0,120.0,6.84,4.26,2011.0,129.7
3466,6.583333333333333,242.0,4.83,31.0,23.0,110.0,7.09,4.28,2012.0,116.8
3474,6.416666666666667,233.0,4.53,32.5,23.0,115.0,6.85,4.18,2011.0,110.2
3491,6.416666666666667,243.0,5.14,30.5,23.0,112.0,7.09,4.28,2012.0,96.1
3494,6.0,207.0,4.68,31.5,23.0,113.0,6.75,4.03,2014.0,95.0
3499,6.25,225.0,4.82,31.0,23.0,110.0,7.09,4.28,2012.0,91.1
3500,6.25,225.0,4.82,31.0,23.0,110.0,7.09,4.28,2012.0,91.4
3546,6.25,225.0,4.82,31.0,23.0,110.0,7.09,4.28,2012.0,66.8
3548,6.25,221.0,4.89,31.0,23.0,110.0,7.09,4.28,2012.0,66.4
3577,6.25,220.0,4.94,28.0,23.0,99.0,7.18,4.34,2014.0,55.3
3600,6.083333333333333,208.0,4.72,32.5,23.0,103.0,7.09,4.28,2012.0,43.6
3605,6.416666666666667,224.0,4.82,31.0,23.0,110.0,7.09,4.28,2014.0,42.2
3608,6.166666666666667,230.0,5.01,30.0,23.0,105.0,7.11,4.2,2003.0,40.7
3613,6.25,225.0,4.82,31.0,23.0,110.0,7.09,4.28,2012.0,38.8
3629,6.25,222.0,4.76,31.0,23.0,110.0,7.09,4.28,2010.0,33.2
3630,6.0,197.0,4.82,27.0,23.0,99.0,7.41,4.56,2012.0,33.1
3631,6.166666666666667,227.0,4.93,32.5,23.0,116.0,7.06,4.21,2009.0,32.8
3638,6.0,210.0,4.33,31.0,23.0,110.0,7.09,4.28,2001.0,30.7
3659,6.5,243.0,5.04,30.5,23.0,110.0,7.65,4.62,2004.0,26.6
3682,6.25,219.0,5.06,29.5,23.0,104.0,6.96,4.12,2011.0,22.8
3683,6.333333333333333,225.0,5.11,31.0,23.0,115.0,7.12,4.3,2013.0,22.0
3699,6.166666666666667,218.0,4.58,33.5,23.0,124.0,7.09,4.28,2013.0,20.0
3703,6.166666666666667,219.0,4.69,31.0,23.0,109.0,6.73,4.11,2012.0,19.2
3761,6.333333333333333,208.0,4.71,37.5,23.0,125.0,6.74,4.21,2004.0,11.4
3767,6.5,248.0,4.9,33.5,23.0,119.0,7.11,4.43,2009.0,10.4
3770,6.25,225.0,4.82,31.0,23.0,110.0,7.09,4.28,2012.0,9.7
3771,6.416666666666667,225.0,4.93,29.5,23.0,107.0,7.33,4.39,2005.0,10.0
3777,6.083333333333333,216.0,4.79,31.0,23.0,114.0,7.09,4.28,2010.0,8.8
3788,6.25,225.0,4.82,31.0,23.0,110.0,7.09,4.28,2012.0,8.0
3793,6.166666666666667,227.0,5.06,28.5,23.0,105.0,7.34,4.53,2013.0,6.7
3797,6.166666666666667,224.0,4.89,31.0,23.0,110.0,7.09,4.28,2006.0,6.4
3803,6.333333333333333,229.0,4.86,29.5,23.0,108.0,7.52,4.45,2012.0,6.3
3821,6.416666666666667,223.0,4.75,33.0,23.0,112.0,7.0,4.11,2006.0,4.1
3823,6.25,225.0,4.82,31.0,23.0,110.0,7.09,4.28,2012.0,4.7
3851,6.5,242.0,5.03,29.0,23.0,103.0,7.67,4.62,2005.0,1.2
3857,6.166666666666667,226.0,4.69,31.5,22.0,107.0,7.4,4.38,2006.0,0.7
3864,6.5,229.0,5.14,31.0,23.0,105.0,7.29,4.39,2015.0,1.2
3880,6.0,218.0,4.79,33.0,23.0,110.0,7.28,4.31,2009.0,73.0
3881,6.166666666666667,226.0,4.97,30.5,23.0,110.0,7.04,4.26,2014.0,-0.3
3883,6.25,225.0,4.82,31.0,23.0,110.0,7.09,4.28,2012.0,0.1
3886,6.25,225.0,4.82,31.0,23.0,110.0,7.09,4.28,2012.0,0.4
3888,6.25,225.0,4.82,31.0,23.0,110.0,7.09,4.28,2012.0,-0.1
3896,6.25,226.0,4.75,30.5,23.0,108.0,6.77,4.41,2007.0,-1.1
3898,6.25,219.0,4.76,31.0,23.0,110.0,7.09,4.28,2013.0,-2.0
3912,6.166666666666667,223.0,4.71,34.5,23.0,110.0,7.38,4.28,2005.0,354.1
3913,6.333333333333333,234.0,4.59,36.0,23.0,124.0,6.8,4.28,2012.0,351.7
3921,5.916666666666667,204.0,4.53,34.0,23.0,118.0,6.97,4.09,2012.0,330.6
3931,6.25,225.0,4.82,31.0,23.0,110.0,7.09,4.28,2012.0,312.7
3936,6.416666666666667,241.0,4.75,31.0,23.0,110.0,7.09,4.28,2004.0,306.2
3938,6.0,213.0,4.83,32.0,23.0,105.0,7.09,4.21,2001.0,304.0
3953,6.416666666666667,228.0,4.89,31.0,23.0,110.0,7.4,4.51,2008.0,284.3
3960,6.333333333333333,221.0,4.65,31.0,23.0,110.0,7.09,4.28,2012.0,279.5
3961,6.333333333333333,211.0,5.28,24.5,23.0,99.0,7.2,4.38,2000.0,278.1
3968,6.416666666666667,221.0,4.9,31.0,23.0,110.0,7.09,4.28,2004.0,269.5
3972,6.166666666666667,230.0,5.01,30.0,23.0,105.0,7.11,4.2,2003.0,266.3
3974,6.416666666666667,229.0,5.08,31.0,23.0,110.0,7.09,4.28,2004.0,265.6
3977,6.5,236.0,4.84,28.5,23.0,110.0,6.82,4.27,2008.0,262.4
3978,6.25,226.0,4.77,31.0,23.0,110.0,7.1,4.26,2006.0,255.6
3979,6.166666666666667,225.0,4.81,30.5,23.0,107.0,7.06,4.47,2009.0,251.6
3980,6.416666666666667,233.0,4.53,32.5,23.0,115.0,6.85,4.18,2011.0,250.7
3981,6.416666666666667,248.0,4.56,35.0,23.0,126.0,6.92,4.18,2011.0,249.0
3982,6.166666666666667,215.0,4.83,29.5,23.0,106.0,6.93,4.27,2011.0,225.6
3983,6.333333333333333,217.0,4.71,32.0,23.0,113.0,6.82,3.96,2005.0,220.0
3984,6.166666666666667,214.0,4.69,34.5,23.0,110.0,7.09,4.2,2014.0,192.0
3985,6.166666666666667,214.0,4.82,30.0,23.0,113.0,7.17,4.2,2014.0,179.7
3986,6.166666666666667,232.0,4.86,30.5,23.0,105.0,7.09,4.07,2005.0,179.7
3987,6.333333333333333,233.0,5.06,26.5,23.0,110.0,7.38,4.52,2005.0,176.1
3988,6.416666666666667,232.0,4.93,32.5,23.0,115.0,7.08,4.21,2014.0,168.2
3989,6.166666666666667,215.0,5.02,32.0,23.0,109.0,7.1,4.42,2009.0,156.9
3990,6.166666666666667,218.0,4.58,33.5,23.0,124.0,7.09,4.28,2013.0,150.8
3991,6.166666666666667,227.0,4.93,32.5,23.0,116.0,7.06,4.21,2009.0,139.4
3992,6.333333333333333,221.0,4.59,38.5,23.0,120.0,6.85,3.9,2002.0,126.9
3994,6.416666666666667,243.0,5.14,30.5,23.0,112.0,7.09,4.28,2012.0,119.3
4012,6.166666666666667,219.0,4.69,31.0,23.0,109.0,6.73,4.11,2012.0,107.6
4017,6.416666666666667,232.0,4.65,31.0,23.0,110.0,7.09,4.28,2003.0,103.5
4026,6.25,226.0,4.75,30.5,23.0,108.0,6.77,4.41,2007.0,94.7
4034,6.583333333333333,225.0,4.94,26.5,23.0,102.0,7.49,4.52,2013.0,89.6
4035,6.25,225.0,4.82,31.0,23.0,110.0,7.09,4.28,2012.0,90.3
4038,6.25,214.0,4.84,28.5,23.0,109.0,7.05,4.5,2012.0,88.4
4041,6.25,225.0,4.82,31.0,23.0,110.0,7.09,4.28,2012.0,87.4
4042,6.416666666666667,223.0,4.75,33.0,23.0,112.0,7.0,4.11,2006.0,87.0
4066,6.416666666666667,224.0,4.82,31.0,23.0,110.0,7.09,4.28,2014.0,70.9
4083,6.166666666666667,231.0,4.51,35.0,23.0,120.0,6.77,4.12,2011.0,63.9
4087,6.083333333333333,216.0,4.79,31.0,23.0,114.0,7.09,4.28,2010.0,62.9
4101,6.25,225.0,4.82,31.0,23.0,110.0,7.09,4.28,2012.0,58.7
4125,6.5,242.0,5.03,29.0,23.0,103.0,7.67,4.62,2005.0,50.4
4143,6.0,210.0,4.33,31.0,23.0,110.0,7.09,4.28,2001.0,43.5
4183,6.25,230.0,4.92,25.5,23.0,106.0,7.17,4.4,2008.0,30.2
4207,6.25,225.0,4.82,31.0,23.0,110.0,7.09,4.28,2012.0,22.8
4209,6.083333333333333,208.0,4.72,32.5,23.0,103.0,7.09,4.28,2012.0,22.9
4212,6.333333333333333,229.0,4.86,29.5,23.0,108.0,7.52,4.45,2012.0,22.5
4221,6.583333333333333,253.0,5.37,24.0,23.0,103.0,7.09,4.28,2011.0,19.8
4223,6.25,221.0,4.89,31.0,23.0,110.0,7.09,4.28,2012.0,20.0
4235,6.25,225.0,4.82,31.0,23.0,110.0,7.09,4.28,2012.0,16.9
4243,6.25,222.0,4.76,31.0,23.0,110.0,7.09,4.28,2010.0,15.8
4273,6.166666666666667,226.0,4.97,30.5,23.0,110.0,7.04,4.26,2014.0,12.2
4275,6.0,207.0,4.68,31.5,23.0,113.0,6.75,4.03,2014.0,11.9
4278,6.166666666666667,229.0,4.63,34.0,23.0,116.0,6.85,4.09,2011.0,12.5
4306,6.0,218.0,4.79,33.0,23.0,110.0,7.28,4.31,2009.0,7.8
4324,6.5,248.0,4.61,35.5,23.0,118.0,7.05,4.18,2014.0,7.2
4329,6.333333333333333,234.0,4.61,33.5,23.0,120.0,6.84,4.26,2011.0,6.0
4331,6.583333333333333,242.0,4.83,31.0,23.0,110.0,7.09,4.28,2012.0,6.1
4347,6.25,225.0,4.82,31.0,23.0,110.0,7.09,4.28,2012.0,5.5
4360,6.0,206.0,4.66,34.0,23.0,116.0,7.07,4.33,2014.0,4.0
4382,6.166666666666667,227.0,5.06,28.5,23.0,105.0,7.34,4.53,2013.0,2.1
4385,6.25,225.0,4.82,31.0,23.0,110.0,7.09,4.28,2012.0,1.8
4389,6.25,225.0,4.82,31.0,23.0,110.0,7.09,4.28,2012.0,2.6
4393,6.416666666666667,230.0,4.71,31.0,23.0,110.0,7.09,4.28,2005.0,1.1
4401,6.25,225.0,4.82,31.0,23.0,110.0,7.09,4.28,2012.0,0.6
4407,6.25,219.0,5.06,29.5,23.0,104.0,6.96,4.12,2011.0,0.6
4409,6.166666666666667,227.0,4.91,31.0,23.0,110.0,7.09,4.28,2013.0,73.0
4410,6.166666666666667,224.0,4.89,31.0,23.0,110.0,7.09,4.28,2006.0,0.4
4413,6.083333333333333,217.0,4.59,34.0,23.0,107.0,7.12,4.16,2006.0,-0.2
4414,6.166666666666667,226.0,4.69,31.5,22.0,107.0,7.4,4.38,2006.0,73.0
4415,6.5,231.0,4.98,30.5,23.0,104.0,7.32,4.58,2007.0,0.2
4419,6.333333333333333,228.0,4.97,27.0,23.0,105.0,7.33,4.36,2014.0,0.5
4420,6.083333333333333,217.0,4.47,37.5,23.0,126.0,6.78,4.09,2011.0,-0.3
4423,6.166666666666667,231.0,4.79,28.0,23.0,109.0,7.21,4.34,2008.0,-2.4
4425,6.5,243.0,5.04,30.5,23.0,110.0,7.65,4.62,2004.0,-3.7
4428,6.25,225.0,4.82,31.0,23.0,110.0,7.09,4.28,2012.0,410.0
4436,6.0,213.0,4.83,32.0,23.0,105.0,7.09,4.21,2001.0,357.7
4465,6.416666666666667,248.0,4.56,35.0,23.0,126.0,6.92,4.18,2011.0,297.7
4468,6.333333333333333,234.0,4.59,36.0,23.0,124.0,6.8,4.28,2012.0,292.6
4470,6.166666666666667,215.0,4.83,29.5,23.0,106.0,6.93,4.27,2011.0,288.0
4472,6.416666666666667,229.0,5.08,31.0,23.0,110.0,7.09,4.28,2004.0,287.4
4477,6.166666666666667,225.0,4.81,30.5,23.0,107.0,7.06,4.47,2009.0,278.9
4487,5.916666666666667,204.0,4.53,34.0,23.0,118.0,6.97,4.09,2012.0,270.2
4493,6.416666666666667,233.0,4.53,32.5,23.0,115.0,6.85,4.18,2011.0,264.3
4496,6.166666666666667,230.0,5.01,30.0,23.0,105.0,7.11,4.2,2003.0,260.9
4499,6.25,225.0,4.82,31.0,23.0,110.0,7.09,4.28,2012.0,259.7
4503,6.416666666666667,241.0,4.75,31.0,23.0,110.0,7.09,4.28,2004.0,258.8
4504,6.333333333333333,217.0,4.71,32.0,23.0,113.0,6.82,3.96,2005.0,254.2
4505,6.333333333333333,217.0,4.71,32.0,23.0,113.0,6.82,3.96,2005.0,254.2
4506,6.333333333333333,211.0,5.28,24.5,23.0,99.0,7.2,4.38,2000.0,251.5
4507,6.416666666666667,228.0,4.89,31.0,23.0,110.0,7.4,4.51,2008.0,248.1
4508,6.333333333333333,221.0,4.65,31.0,23.0,110.0,7.09,4.28,2012.0,238.3
4509,6.416666666666667,232.0,4.65,31.0,23.0,110.0,7.09,4.28,2003.0,217.3
4510,6.25,225.0,4.82,31.0,23.0,110.0,7.09,4.28,2012.0,213.0
4511,6.5,236.0,4.84,28.5,23.0,110.0,6.82,4.27,2008.0,207.6
4512,6.166666666666667,218.0,4.58,33.5,23.0,124.0,7.09,4.28,2013.0,194.7
4513,6.416666666666667,221.0,4.9,31.0,23.0,110.0,7.09,4.28,2004.0,170.3
4514,6.25,226.0,4.77,31.0,23.0,110.0,7.1,4.26,2006.0,168.6
4515,6.166666666666667,223.0,4.71,34.5,23.0,110.0,7.38,4.28,2005.0,169.4
4516,6.166666666666667,232.0,4.86,30.5,23.0,105.0,7.09,4.07,2005.0,167.7
4517,6.25,230.0,4.92,25.5,23.0,106.0,7.17,4.4,2008.0,161.3
4518,6.583333333333333,225.0,4.94,26.5,23.0,102.0,7.49,4.52,2013.0,158.0
4519,6.25,225.0,4.82,31.0,23.0,110.0,7.09,4.28,2012.0,143.5
4520,6.333333333333333,221.0,4.59,38.5,23.0,120.0,6.85,3.9,2002.0,136.1
4521,6.25,225.0,4.82,31.0,23.0,110.0,7.09,4.28,2012.0,133.5
4528,6.333333333333333,236.0,4.79,31.0,23.0,110.0,7.09,4.28,2010.0,118.6
4532,6.416666666666667,230.0,4.71,31.0,23.0,110.0,7.09,4.28,2005.0,115.3
4542,6.25,225.0,4.82,31.0,23.0,110.0,7.09,4.28,2012.0,108.0
4543,6.166666666666667,229.0,4.63,34.0,23.0,116.0,6.85,4.09,2011.0,107.0
4544,6.5,243.0,5.04,30.5,23.0,110.0,7.65,4.62,2004.0,104.8
4546,6.083333333333333,208.0,4.72,32.5,23.0,103.0,7.09,4.28,2012.0,103.6
4551,6.0,210.0,4.33,31.0,23.0,110.0,7.09,4.28,2001.0,101.0
4552,6.166666666666667,231.0,4.51,35.0,23.0,120.0,6.77,4.12,2011.0,99.7
4569,6.25,221.0,4.89,31.0,23.0,110.0,7.09,4.28,2012.0,89.6
4578,6.166666666666667,224.0,4.89,31.0,23.0,110.0,7.09,4.28,2006.0,85.3
4588,6.25,225.0,4.82,31.0,23.0,110.0,7.09,4.28,2012.0,78.6
4598,6.166666666666667,231.0,4.79,28.0,23.0,109.0,7.21,4.34,2008.0,72.2
4625,6.0,215.0,4.84,28.0,23.0,107.0,7.09,4.28,2010.0,58.9
4679,6.166666666666667,215.0,5.02,32.0,23.0,109.0,7.1,4.42,2009.0,40.2
4700,6.25,214.0,4.84,28.5,23.0,109.0,7.05,4.5,2012.0,33.6
4705,6.166666666666667,212.0,4.92,29.5,23.0,116.0,6.84,4.12,2011.0,34.2
4712,6.5,248.0,4.9,33.5,23.0,119.0,7.11,4.43,2009.0,30.4
4740,6.333333333333333,233.0,5.06,26.5,23.0,110.0,7.38,4.52,2005.0,20.7
4756,6.0,218.0,4.79,33.0,23.0,110.0,7.28,4.31,2009.0,17.1
4759,6.166666666666667,226.0,4.69,31.5,22.0,107.0,7.4,4.38,2006.0,16.1
4780,6.333333333333333,234.0,4.61,33.5,23.0,120.0,6.84,4.26,2011.0,12.4
4787,6.25,225.0,4.82,31.0,23.0,110.0,7.09,4.28,2012.0,12.1
4798,6.25,225.0,4.82,31.0,23.0,110.0,7.09,4.28,2012.0,9.9
4856,6.083333333333333,217.0,4.47,37.5,23.0,126.0,6.78,4.09,2011.0,6.1
4867,6.583333333333333,242.0,4.83,31.0,23.0,110.0,7.09,4.28,2012.0,4.0
4871,5.916666666666667,196.0,4.56,38.0,23.0,127.0,6.98,4.14,2003.0,3.6
4877,6.25,225.0,4.82,31.0,23.0,110.0,7.09,4.28,2012.0,3.4
4882,6.25,225.0,4.82,31.0,23.0,110.0,7.09,4.28,2012.0,3.0
4896,6.166666666666667,227.0,4.91,31.0,23.0,110.0,7.09,4.28,2013.0,1.8
4904,6.25,213.0,4.53,33.5,23.0,110.0,7.56,4.42,2008.0,2.0
4931,6.25,219.0,5.06,29.5,23.0,104.0,6.96,4.12,2011.0,0.5
4932,6.5,242.0,5.03,29.0,23.0,103.0,7.67,4.62,2005.0,73.0
4937,6.25,225.0,4.82,31.0,23.0,110.0,7.09,4.28,2012.0,-0.2
4938,6.083333333333333,216.0,4.79,31.0,23.0,114.0,7.09,4.28,2010.0,-0.1
4939,6.333333333333333,208.0,4.71,37.5,23.0,125.0,6.74,4.21,2004.0,-0.4
4947,6.416666666666667,223.0,4.75,33.0,23.0,112.0,7.0,4.11,2006.0,-0.5
4949,6.25,225.0,4.82,31.0,23.0,110.0,7.09,4.28,2012.0,-1.9
4950,6.25,225.0,4.87,29.0,23.0,102.0,7.0,4.48,2009.0,-1.9
4961,6.0,213.0,4.83,32.0,23.0,105.0,7.09,4.21,2001.0,345.6
4962,6.166666666666667,223.0,4.71,34.5,23.0,110.0,7.38,4.28,2005.0,344.6
4963,6.333333333333333,211.0,5.28,24.5,23.0,99.0,7.2,4.38,2000.0,340.3
4971,6.416666666666667,248.0,4.56,35.0,23.0,126.0,6.92,4.18,2011.0,323.5
4973,6.25,225.0,4.82,31.0,23.0,110.0,7.09,4.28,2012.0,317.5
4978,6.25,225.0,4.82,31.0,23.0,110.0,7.09,4.28,2012.0,311.0
4983,6.416666666666667,228.0,4.89,31.0,23.0,110.0,7.4,4.51,2008.0,304.9
5002,6.166666666666667,230.0,5.01,30.0,23.0,105.0,7.11,4.2,2003.0,279.9
5003,5.916666666666667,204.0,4.53,34.0,23.0,118.0,6.97,4.09,2012.0,277.6
5005,6.333333333333333,234.0,4.59,36.0,23.0,124.0,6.8,4.28,2012.0,276.5
5006,6.166666666666667,225.0,4.81,30.5,23.0,107.0,7.06,4.47,2009.0,276.6
5026,6.166666666666667,215.0,4.83,29.5,23.0,106.0,6.93,4.27,2011.0,250.8
5029,6.5,248.0,4.9,33.5,23.0,119.0,7.11,4.43,2009.0,248.5
5030,6.5,236.0,4.84,28.5,23.0,110.0,6.82,4.27,2008.0,234.9
5031,6.416666666666667,221.0,4.9,31.0,23.0,110.0,7.09,4.28,2004.0,232.9
5032,6.333333333333333,236.0,4.79,31.0,23.0,110.0,7.09,4.28,2010.0,230.5
5033,6.5,243.0,5.04,30.5,23.0,110.0,7.65,4.62,2004.0,225.8
5034,6.416666666666667,232.0,4.65,31.0,23.0,110.0,7.09,4.28,2003.0,224.3
5035,6.416666666666667,241.0,4.75,31.0,23.0,110.0,7.09,4.28,2004.0,223.8
5036,6.166666666666667,232.0,4.86,30.5,23.0,105.0,7.09,4.07,2005.0,213.7
5037,6.416666666666667,229.0,5.08,31.0,23.0,110.0,7.09,4.28,2004.0,208.2
5038,6.166666666666667,229.0,4.63,34.0,23.0,116.0,6.85,4.09,2011.0,194.2
5039,6.25,226.0,4.77,31.0,23.0,110.0,7.1,4.26,2006.0,184.6
5040,6.333333333333333,221.0,4.65,31.0,23.0,110.0,7.09,4.28,2012.0,182.9
5041,6.416666666666667,233.0,4.53,32.5,23.0,115.0,6.85,4.18,2011.0,174.1
5042,6.25,221.0,4.89,31.0,23.0,110.0,7.09,4.28,2012.0,165.6
5043,6.0,210.0,4.33,31.0,23.0,110.0,7.09,4.28,2001.0,151.7
5044,6.166666666666667,231.0,4.51,35.0,23.0,120.0,6.77,4.12,2011.0,132.1
5045,6.333333333333333,217.0,4.71,32.0,23.0,113.0,6.82,3.96,2005.0,122.7
5048,6.166666666666667,227.0,4.93,32.5,23.0,116.0,7.06,4.21,2009.0,118.1
5052,6.25,230.0,4.92,25.5,23.0,106.0,7.17,4.4,2008.0,114.2
5076,6.333333333333333,234.0,4.61,33.5,23.0,120.0,6.84,4.26,2011.0,94.1
5089,6.416666666666667,243.0,5.14,30.5,23.0,112.0,7.09,4.28,2012.0,86.2
5091,6.25,218.0,4.85,32.5,23.0,112.0,6.94,4.44,2007.0,84.8
5105,6.25,225.0,4.82,31.0,23.0,110.0,7.09,4.28,2012.0,78.3
5110,6.25,225.0,4.82,31.0,23.0,110.0,7.09,4.28,2012.0,76.5
5172,6.25,225.0,4.82,31.0,23.0,110.0,7.09,4.28,2012.0,63.8
5179,6.333333333333333,232.0,4.73,31.0,24.0,110.0,7.09,4.28,2007.0,44.2
5211,6.25,214.0,4.84,28.5,23.0,109.0,7.05,4.5,2012.0,32.8
5222,6.416666666666667,243.0,4.85,33.5,23.0,108.0,7.17,4.33,2010.0,31.8
5245,6.25,225.0,4.82,31.0,23.0,110.0,7.09,4.28,2012.0,26.5
5282,6.416666666666667,241.0,4.85,31.0,23.0,110.0,7.09,4.28,2003.0,18.0
5283,6.083333333333333,217.0,4.47,37.5,23.0,126.0,6.78,4.09,2011.0,18.5
5284,6.416666666666667,230.0,4.71,31.0,23.0,110.0,7.09,4.28,2005.0,17.4
5289,6.25,225.0,4.82,31.0,23.0,110.0,7.09,4.28,2012.0,15.0
5291,6.25,225.0,4.82,31.0,23.0,110.0,7.09,4.28,2012.0,14.8
5298,6.166666666666667,215.0,5.02,32.0,23.0,109.0,7.1,4.42,2009.0,13.8
5309,6.333333333333333,229.0,4.86,29.5,23.0,108.0,7.52,4.45,2012.0,12.8
5316,6.166666666666667,220.0,4.84,33.0,23.0,107.0,7.11,4.45,2011.0,11.6
5332,6.0,215.0,4.84,28.0,23.0,107.0,7.09,4.28,2010.0,10.5
5334,6.333333333333333,233.0,5.06,26.5,23.0,110.0,7.38,4.52,2005.0,9.6
5343,6.083333333333333,216.0,4.79,31.0,23.0,114.0,7.09,4.28,2010.0,8.7
5344,6.25,225.0,4.82,31.0,23.0,110.0,7.09,4.28,2012.0,8.9
5405,6.416666666666667,223.0,4.9,31.0,23.0,110.0,7.09,4.28,2006.0,2.6
5412,6.25,219.0,5.06,29.5,23.0,104.0,6.96,4.12,2011.0,3.4
5413,6.5,242.0,5.03,29.0,23.0,103.0,7.67,4.62,2005.0,2.3
5415,6.0,218.0,4.79,33.0,23.0,110.0,7.28,4.31,2009.0,2.1
5417,6.166666666666667,231.0,4.79,28.0,23.0,109.0,7.21,4.34,2008.0,2.2
5419,6.083333333333333,217.0,4.59,34.0,23.0,107.0,7.12,4.16,2006.0,2.4
5424,6.416666666666667,225.0,4.93,29.5,23.0,107.0,7.33,4.39,2005.0,2.0
5437,6.333333333333333,231.0,4.76,31.0,19.0,110.0,7.14,4.46,2007.0,0.6
5458,6.25,225.0,4.82,31.0,23.0,110.0,7.09,4.28,2012.0,1.4
5463,6.25,225.0,4.82,31.0,23.0,110.0,7.09,4.28,2012.0,1.1
5468,6.25,223.0,4.67,35.0,23.0,108.0,7.05,4.28,2002.0,0.5
5469,6.166666666666667,224.0,4.89,31.0,23.0,110.0,7.09,4.28,2006.0,0.1
5472,6.333333333333333,208.0,4.71,37.5,23.0,125.0,6.74,4.21,2004.0,-0.3
5478,6.25,225.0,4.82,31.0,23.0,110.0,7.09,4.28,2012.0,-0.1
5481,6.583333333333333,242.0,4.83,31.0,23.0,110.0,7.09,4.28,2012.0,-0.8
5482,6.166666666666667,223.0,4.95,29.5,23.0,98.0,7.45,4.56,2009.0,-1.5
5483,6.583333333333333,253.0,5.37,24.0,23.0,103.0,7.09,4.28,2011.0,-2.2
