,Age,Passing_TD%,Passing_Int%,Passing_1D,Passing_Lng,Passing_Y/A,Passing_AY/A,Passing_Y/C,Passing_Sk,Passing_Sk%,Passing_NY/A,Passing_ANY/A,Rushing_1D,Rushing_Lng,Rushing_Y/A_y,Fantasy_PPR
3,25,5.6,2.3,234.0,61.0,6.8,6.9,10.8,26.0,3.9,6.31,6.38,54.0,34.0,6.3,402.6
5,23,5.7,2.2,256.0,72.0,7.5,7.6,11.3,31.0,4.4,6.83,6.95,28.0,36.0,4.8,380.8
6,44,6.0,1.7,269.0,62.0,7.4,7.8,11.0,22.0,3.0,6.98,7.41,14.0,13.0,2.9,374.7
12,26,5.6,2.0,260.0,75.0,7.4,7.6,11.1,28.0,4.1,6.84,7.07,25.0,32.0,5.8,361.7
17,38,7.0,0.8,213.0,75.0,7.7,8.8,11.2,30.0,5.3,7.0,8.0,10.0,18.0,3.1,333.3
19,33,6.8,2.8,233.0,79.0,8.1,8.2,12.1,30.0,4.8,7.36,7.45,8.0,12.0,1.3,329.7
22,28,6.2,1.7,227.0,51.0,7.5,8.0,10.9,30.0,4.8,6.88,7.34,7.0,21.0,3.0,320.6
28,25,6.5,2.7,202.0,82.0,8.9,9.0,12.6,51.0,8.9,7.43,7.51,14.0,12.0,3.0,314.2
30,23,3.7,2.1,143.0,91.0,7.3,7.1,11.9,26.0,5.7,6.54,6.35,56.0,31.0,5.6,312.2
39,24,5.0,2.1,172.0,77.0,7.9,7.9,11.4,31.0,6.1,6.84,6.9,25.0,57.0,4.8,300.5
40,33,5.9,1.2,192.0,64.0,7.5,8.1,11.3,28.0,4.8,6.83,7.42,8.0,29.0,4.0,300.3
75,33,4.0,2.6,192.0,57.0,7.0,6.6,10.5,47.0,8.1,5.89,5.53,33.0,28.0,4.9,268.4
76,29,5.2,1.4,165.0,76.0,6.9,7.3,11.1,32.0,5.8,6.09,6.5,21.0,18.0,3.8,258.0
77,30,3.7,2.2,217.0,61.0,7.7,7.4,11.2,40.0,6.0,6.85,6.6,9.0,22.0,2.7,257.0
78,33,6.3,1.5,135.0,69.0,7.8,8.4,12.0,33.0,7.6,6.58,7.11,17.0,17.0,4.3,242.8
79,24,4.2,3.4,135.0,49.0,7.5,6.9,11.7,38.0,9.0,6.41,5.78,48.0,31.0,5.8,240.0
80,30,4.5,2.7,172.0,83.0,8.6,8.3,12.7,29.0,6.2,7.68,7.38,15.0,7.0,1.3,227.5
81,23,4.2,2.5,177.0,75.0,7.3,7.0,10.8,28.0,5.1,6.48,6.22,22.0,13.0,2.9,224.9
82,36,3.6,2.1,195.0,64.0,7.1,6.8,10.6,40.0,6.7,6.16,5.92,9.0,17.0,2.1,222.9
83,28,4.0,3.0,167.0,73.0,6.9,6.4,10.7,38.0,7.1,5.9,5.39,20.0,38.0,5.2,222.9
84,39,3.6,1.7,188.0,59.0,6.2,6.2,9.6,38.0,5.9,5.44,5.43,3.0,8.0,0.3,218.1
85,29,4.2,1.6,146.0,64.0,7.2,7.3,10.7,31.0,6.8,6.22,6.32,16.0,13.0,3.5,202.7
86,22,2.0,2.8,177.0,58.0,6.0,5.2,10.1,32.0,5.0,5.37,4.54,22.0,26.0,4.6,199.0
87,27,3.8,1.6,162.0,63.0,6.6,6.6,9.8,35.0,6.6,5.6,5.64,4.0,26.0,5.1,194.5
88,26,4.1,3.1,143.0,71.0,7.2,6.6,11.9,43.0,9.3,5.95,5.41,12.0,14.0,3.6,180.9
89,23,4.1,2.6,137.0,65.0,6.8,6.5,10.1,20.0,4.9,6.13,5.81,13.0,23.0,3.0,180.9
90,24,2.8,1.9,116.0,54.0,6.7,6.4,10.5,22.0,5.7,5.92,5.62,16.0,46.0,4.8,167.5
91,24,2.2,3.2,123.0,63.0,6.2,5.2,10.4,35.0,7.9,5.27,4.35,20.0,30.0,4.6,157.3
92,23,4.1,2.5,118.0,67.0,6.8,6.4,10.1,31.0,7.3,5.78,5.48,5.0,11.0,2.4,157.0
93,22,2.3,2.9,112.0,54.0,6.1,5.3,11.0,44.0,10.3,4.6,3.86,10.0,52.0,6.4,151.9
96,22,2.6,3.7,83.0,64.0,6.9,5.8,11.8,36.0,11.8,5.25,4.24,22.0,23.0,5.8,126.8
103,31,3.0,3.7,43.0,70.0,7.3,6.2,12.5,9.0,6.3,6.39,5.38,26.0,44.0,5.3,121.7
106,27,8.7,1.9,56.0,72.0,7.3,8.2,12.3,11.0,6.4,6.4,7.24,17.0,20.0,5.2,117.4
141,30,5.9,1.6,61.0,46.0,6.1,6.6,10.7,9.0,4.6,5.53,5.96,2.0,17.0,2.2,90.2
145,32,3.2,4.0,32.0,64.0,5.4,4.3,9.9,10.0,7.4,4.42,3.35,20.0,33.0,4.9,86.4
153,34,3.4,3.8,83.0,60.0,6.4,5.4,10.2,18.0,7.1,5.4,4.44,2.0,14.0,4.8,84.2
157,23,1.6,2.1,55.0,43.0,5.8,5.1,8.9,18.0,8.7,4.73,4.15,22.0,21.0,6.3,82.6
162,32,3.3,3.3,44.0,52.0,6.4,5.6,10.6,13.0,8.0,5.2,4.43,6.0,30.0,7.9,81.7
177,29,2.2,1.8,69.0,52.0,5.7,5.3,9.1,19.0,7.8,4.72,4.39,9.0,19.0,3.7,72.3
187,21,7.0,2.8,27.0,76.0,8.5,8.6,14.7,4.0,5.3,7.84,7.97,8.0,15.0,4.4,64.9
216,31,5.3,1.1,31.0,84.0,7.4,8.0,10.8,13.0,12.0,5.42,5.93,3.0,12.0,4.7,54.3
224,25,1.8,1.8,32.0,44.0,7.1,6.6,11.7,9.0,7.5,6.13,5.71,5.0,23.0,5.3,51.9
236,35,5.9,2.4,39.0,28.0,7.5,7.6,11.2,3.0,3.4,6.99,7.1,1.0,11.0,3.1,46.3
246,26,3.8,6.1,49.0,28.0,7.2,5.3,10.8,4.0,2.9,6.88,4.96,2.0,2.0,-0.2,44.0
259,35,3.0,1.0,39.0,50.0,7.5,7.6,10.0,6.0,5.7,6.67,6.81,6.0,11.0,1.7,41.3
294,25,6.7,1.7,24.0,36.0,7.3,7.9,10.7,5.0,7.7,6.28,6.82,2.0,9.0,2.3,33.7
306,32,2.4,6.0,43.0,60.0,4.7,2.5,8.8,9.0,5.1,4.1,2.0,2.0,13.0,4.7,30.9
311,33,4.2,1.4,25.0,34.0,6.4,6.6,9.8,5.0,6.5,5.62,5.82,6.0,10.0,1.8,28.7
325,27,3.2,6.4,28.0,42.0,5.6,3.4,8.6,21.0,6.6,5.6,3.36,1.0,14.0,6.5,24.3
326,36,7.1,2.6,14.0,62.0,8.0,9.5,12.5,2.0,4.5,7.39,8.75,1.0,2.0,1.5,23.8
328,28,6.4,2.1,18.0,73.0,9.0,9.3,14.1,3.0,6.0,8.06,8.36,7.0,2.0,-0.9,24.1
346,23,3.2,4.8,22.0,62.0,6.6,5.1,11.4,3.0,4.6,5.97,4.51,1.0,10.0,2.3,21.1
360,26,1.7,1.7,16.0,36.0,4.8,4.3,7.9,21.0,6.6,4.78,4.34,3.0,26.0,10.6,18.4
362,32,2.9,2.6,14.0,30.0,7.1,7.7,10.4,4.0,10.3,5.87,6.38,1.0,8.0,2.0,16.8
377,28,4.1,2.6,112.0,63.0,7.0,6.6,11.2,21.0,6.6,6.05,5.73,6.0,31.0,6.7,14.9
383,29,5.9,2.6,5.0,26.0,4.4,5.6,8.8,4.0,10.5,3.05,4.11,1.0,3.0,-0.1,13.9
387,26,1.5,4.5,19.0,24.0,5.5,3.7,10.1,7.0,9.6,4.32,2.74,2.0,13.0,1.9,13.8
390,29,2.8,2.6,8.0,30.0,5.3,5.8,8.6,2.0,5.3,4.58,5.11,2.0,11.0,7.0,13.0
398,36,4.1,2.6,112.0,63.0,7.0,6.6,11.2,21.0,6.6,6.05,5.73,1.0,2.0,-0.7,12.3
406,23,1.7,5.0,10.0,36.0,3.5,1.6,7.8,6.0,9.1,2.68,0.94,4.0,27.0,8.1,10.9
423,26,3.3,2.6,9.0,25.0,4.9,5.6,7.4,21.0,6.6,4.9,5.57,7.0,14.0,3.2,9.9
435,25,4.1,2.6,112.0,63.0,7.0,6.6,11.2,21.0,6.6,6.05,5.73,1.0,11.0,5.5,7.9
437,30,4.1,2.6,8.0,46.0,6.3,6.3,9.7,2.0,6.1,5.27,5.27,7.0,14.0,3.2,7.8
442,27,4.1,2.6,112.0,63.0,7.0,6.6,11.2,21.0,6.6,6.05,5.73,3.0,22.0,1.8,8.1
492,36,4.1,2.6,112.0,63.0,7.0,6.6,11.2,21.0,6.6,6.05,5.73,7.0,4.0,3.2,3.3
510,28,4.1,2.6,112.0,63.0,7.0,6.6,11.2,21.0,6.6,6.05,5.73,7.0,2.0,2.0,1.5
512,23,4.1,10.0,5.0,56.0,6.8,2.3,11.3,8.0,28.6,2.89,-0.32,1.0,3.0,2.0,2.0
516,32,4.1,2.6,112.0,63.0,7.0,6.6,11.2,21.0,6.6,6.05,5.73,7.0,14.0,-0.8,2.0
529,26,4.1,2.6,112.0,63.0,7.0,6.6,11.2,21.0,6.6,6.05,5.73,7.0,4.0,2.0,2.0
535,26,4.1,2.6,112.0,63.0,7.0,6.6,11.2,21.0,6.6,6.05,5.73,7.0,6.0,6.0,0.6
542,23,4.1,2.6,112.0,63.0,7.0,6.6,11.2,21.0,6.6,6.05,5.73,1.0,9.0,3.0,0.9
543,39,4.1,2.6,112.0,63.0,7.0,6.6,11.2,21.0,6.6,6.05,5.73,7.0,2.0,2.0,0.7
572,26,4.1,2.6,112.0,63.0,7.0,6.6,11.2,21.0,6.6,6.05,5.73,7.0,14.0,-0.5,-0.1
575,35,4.1,2.6,112.0,63.0,7.0,6.6,11.2,21.0,6.6,6.05,5.73,7.0,-1.0,-1.0,-0.2
580,22,4.1,2.6,112.0,63.0,7.0,6.6,11.2,21.0,6.6,6.05,5.73,7.0,14.0,3.2,0.2
582,27,4.1,2.6,112.0,63.0,7.0,6.6,11.2,21.0,6.6,6.05,5.73,1.0,1.0,1.0,0.2
583,25,4.1,2.6,112.0,63.0,7.0,6.6,11.2,21.0,6.6,6.05,5.73,7.0,14.0,3.2,73.0
584,26,4.1,2.6,112.0,63.0,7.0,6.6,11.2,21.0,6.6,6.05,5.73,7.0,-1.0,-1.5,-0.3
587,24,4.1,2.6,112.0,63.0,7.0,6.6,11.2,21.0,6.6,6.05,5.73,7.0,14.0,3.2,-1.0
588,24,4.1,2.6,112.0,63.0,7.0,6.6,11.2,21.0,6.6,6.05,5.73,7.0,4.0,2.0,-1.4
591,26,4.1,2.6,112.0,63.0,7.0,6.6,11.2,21.0,6.6,6.05,5.73,7.0,-1.0,-1.0,-0.6
593,26,4.1,2.6,112.0,63.0,7.0,6.6,11.2,21.0,6.6,6.05,5.73,7.0,14.0,-0.5,-1.9
594,24,4.1,2.6,112.0,63.0,7.0,6.6,11.2,21.0,6.6,6.05,5.73,7.0,14.0,3.2,-3.2
602,24,6.5,1.7,228.0,55.0,7.9,8.5,11.5,26.0,4.3,7.33,7.82,38.0,24.0,4.1,396.1
603,37,9.1,1.0,216.0,78.0,8.2,9.6,11.6,20.0,3.7,7.54,8.89,15.0,14.0,3.9,383.3
604,23,4.7,2.2,205.0,80.0,7.1,7.1,10.6,27.0,4.6,6.49,6.45,52.0,48.0,6.2,378.7
605,25,6.5,1.0,238.0,75.0,8.1,8.9,12.2,22.0,3.6,7.53,8.33,22.0,24.0,5.0,374.4
606,25,6.1,1.3,221.0,77.0,8.9,9.5,12.6,49.0,8.3,7.64,8.22,31.0,16.0,4.9,369.3
611,32,7.2,2.3,213.0,62.0,7.5,7.9,11.0,47.0,7.8,6.46,6.82,25.0,38.0,6.2,359.8
618,32,6.9,1.5,202.0,75.0,7.9,8.7,12.1,24.0,4.8,7.22,7.9,22.0,45.0,6.2,344.4
620,43,6.6,2.0,233.0,50.0,7.6,8.0,11.6,21.0,3.3,7.12,7.53,6.0,4.0,0.2,337.9
624,22,5.2,1.7,216.0,72.0,7.3,7.6,10.9,32.0,5.1,6.57,6.84,20.0,31.0,4.3,332.8
625,23,6.9,2.4,138.0,47.0,7.3,7.6,11.4,29.0,7.2,6.41,6.7,56.0,50.0,6.3,332.8
640,32,6.8,2.5,212.0,71.0,8.3,8.5,12.2,39.0,7.0,7.22,7.43,16.0,16.0,4.9,306.2
670,35,4.2,1.8,242.0,63.0,7.3,7.4,11.3,41.0,6.1,6.48,6.52,8.0,16.0,3.2,282.4
673,29,5.2,1.7,193.0,85.0,7.9,8.2,11.8,26.0,4.8,7.28,7.53,16.0,18.0,3.6,272.1
674,38,5.4,1.6,193.0,84.0,6.3,6.6,9.5,13.0,2.1,5.93,6.27,3.0,11.0,0.4,267.2
675,32,4.9,1.9,205.0,73.0,7.7,7.9,12.0,38.0,6.7,6.77,6.89,12.0,17.0,3.9,260.6
676,31,2.2,2.7,133.0,50.0,7.2,6.4,11.0,31.0,7.8,6.17,5.44,55.0,49.0,4.3,261.0
677,25,5.3,1.6,188.0,75.0,7.3,7.7,11.7,26.0,5.1,6.64,6.96,18.0,28.0,3.1,248.6
678,28,3.0,2.2,174.0,75.0,7.6,7.2,11.0,31.0,5.9,6.75,6.37,18.0,18.0,5.3,241.2
679,26,3.6,2.4,194.0,56.0,7.2,6.8,10.7,23.0,4.0,6.59,6.27,12.0,10.0,1.9,240.0
680,39,4.4,2.0,200.0,55.0,7.7,7.7,11.3,19.0,3.4,7.21,7.18,7.0,3.0,-0.4,240.0
681,41,6.2,1.5,149.0,52.0,7.5,8.1,10.7,13.0,3.2,7.08,7.6,4.0,3.0,-0.1,209.5
682,28,3.7,3.4,130.0,59.0,6.0,5.2,10.4,50.0,10.3,4.71,3.98,25.0,40.0,5.3,198.4
683,24,3.6,3.4,145.0,92.0,6.6,5.8,11.5,19.0,4.1,6.08,5.31,13.0,16.0,3.6,181.3
684,23,2.5,2.2,158.0,53.0,6.6,6.1,10.5,45.0,9.1,5.39,4.92,17.0,80.0,6.5,180.0
685,24,3.2,1.2,150.0,67.0,6.7,6.7,10.2,32.0,7.3,5.64,5.72,14.0,23.0,3.8,173.7
686,24,4.9,1.5,117.0,51.0,6.9,7.2,10.5,27.0,7.6,5.97,6.23,10.0,16.0,5.3,160.7
687,26,5.4,2.7,124.0,53.0,6.9,6.8,10.3,18.0,5.7,6.13,6.0,12.0,45.0,5.9,153.7
688,38,4.9,3.0,106.0,70.0,7.8,7.5,11.4,14.0,5.0,7.21,6.85,12.0,17.0,5.0,153.7
689,30,3.3,1.7,45.0,44.0,7.7,7.6,10.5,14.0,10.4,6.23,6.16,34.0,43.0,5.3,156.6
690,33,4.2,2.4,116.0,69.0,6.5,6.3,10.0,24.0,6.7,5.56,5.34,11.0,13.0,4.1,136.9
691,27,4.1,1.8,93.0,58.0,8.4,8.4,12.3,10.0,4.3,7.72,7.72,8.0,12.0,5.2,135.6
692,22,3.8,1.7,100.0,35.0,6.3,6.2,9.8,20.0,6.5,5.41,5.4,13.0,17.0,3.0,135.5
693,23,2.5,3.0,109.0,69.0,6.1,5.2,10.2,35.0,8.8,4.95,4.16,13.0,46.0,5.9,134.0
704,25,3.7,3.7,120.0,49.0,7.5,6.6,11.5,19.0,5.5,6.66,5.79,1.0,7.0,0.9,116.3
718,22,4.1,2.7,45.0,81.0,7.2,6.8,13.8,13.0,8.1,6.22,5.85,25.0,24.0,5.6,109.1
722,31,3.2,2.6,93.0,50.0,5.9,5.4,9.2,18.0,5.5,5.17,4.69,2.0,7.0,0.1,104.2
768,36,2.4,3.2,74.0,68.0,6.3,5.3,9.4,22.0,8.0,5.27,4.39,7.0,5.0,0.3,71.6
782,23,2.1,2.9,73.0,50.0,6.0,5.1,9.7,20.0,7.7,4.97,4.15,6.0,19.0,2.3,68.2
792,29,5.0,3.6,55.0,76.0,7.8,7.2,11.7,11.0,7.3,6.75,6.19,3.0,9.0,2.5,64.3
797,31,3.9,2.8,57.0,46.0,6.0,5.5,9.7,9.0,4.8,5.42,4.97,2.0,4.0,2.8,60.6
816,35,4.5,2.2,36.0,52.0,6.4,6.3,11.7,7.0,5.0,5.64,5.53,3.0,9.0,3.7,54.8
821,27,5.8,2.6,42.0,49.0,7.6,8.7,11.9,9.0,8.0,6.34,7.4,1.0,17.0,4.7,52.3
827,28,3.5,2.8,42.0,72.0,6.5,6.0,10.3,7.0,4.7,5.87,5.33,5.0,4.0,2.1,49.7
843,24,4.6,1.1,30.0,52.0,7.0,7.4,10.2,7.0,7.4,6.02,6.39,3.0,13.0,3.7,45.0
888,27,4.7,3.1,18.0,45.0,6.8,6.3,12.3,11.0,14.7,4.45,4.05,3.0,9.0,4.7,30.1
902,24,1.8,5.5,31.0,73.0,5.7,3.6,10.4,7.0,6.0,4.89,2.92,1.0,13.0,13.0,28.3
910,27,3.6,3.6,11.0,35.0,8.1,7.2,13.3,21.0,6.6,8.07,7.18,8.0,26.0,9.8,25.8
919,35,5.3,2.6,15.0,37.0,6.5,7.6,8.9,2.0,5.0,6.1,7.1,1.0,1.0,-0.3,23.7
928,28,4.1,2.6,112.0,63.0,7.0,6.6,11.2,21.0,6.6,6.05,5.73,9.0,5.0,1.1,20.6
937,26,3.1,6.3,8.0,30.0,5.1,2.9,9.6,9.0,22.0,2.46,0.76,4.0,23.0,6.0,19.2
947,34,1.5,1.5,19.0,35.0,5.7,5.3,9.4,5.0,7.0,4.94,4.59,7.0,4.0,1.3,18.2
951,25,4.7,2.3,13.0,47.0,7.5,7.4,13.0,1.0,2.3,7.18,7.07,7.0,1.0,-0.9,18.4
976,31,4.1,2.6,112.0,63.0,7.0,6.6,11.2,21.0,6.6,6.05,5.73,7.0,16.0,1.8,15.3
977,29,2.6,2.6,10.0,32.0,6.4,5.7,11.6,2.0,5.0,5.5,4.88,2.0,15.0,9.3,14.5
992,24,4.5,6.8,12.0,38.0,5.8,3.7,11.6,4.0,8.3,4.9,2.92,3.0,6.0,1.0,12.9
993,25,4.1,2.6,12.0,38.0,6.1,4.9,10.5,2.0,5.0,5.58,4.45,4.0,14.0,9.3,12.8
995,34,2.3,4.7,14.0,28.0,6.1,4.5,9.1,3.0,6.5,5.11,3.59,1.0,11.0,8.0,12.2
996,27,4.1,2.6,112.0,63.0,7.0,6.6,11.2,21.0,6.6,6.05,5.73,2.0,12.0,7.3,11.7
1009,24,5.0,10.0,12.0,48.0,7.4,3.9,10.9,1.0,2.4,7.2,3.78,7.0,-1.0,-1.0,11.3
1019,30,4.8,4.8,9.0,56.0,9.4,8.2,17.9,1.0,4.5,8.64,7.5,7.0,-1.0,-1.0,9.3
1027,25,4.1,2.6,112.0,63.0,7.0,6.6,11.2,21.0,6.6,6.05,5.73,2.0,9.0,3.4,9.3
1031,31,4.1,2.6,10.0,37.0,6.9,6.9,13.0,2.0,6.3,6.47,6.47,1.0,4.0,1.2,9.0
1032,25,1.8,8.9,17.0,52.0,6.6,2.9,11.5,4.0,6.7,5.62,2.2,7.0,2.0,-0.4,8.5
1039,25,4.1,2.6,112.0,63.0,7.0,6.6,11.2,21.0,6.6,6.05,5.73,2.0,12.0,3.8,7.7
1041,24,4.1,2.6,11.0,32.0,5.1,5.1,9.5,7.0,14.0,2.92,2.92,2.0,10.0,3.7,7.0
1094,30,4.1,2.6,112.0,63.0,7.0,6.6,11.2,21.0,6.6,6.05,5.73,4.0,39.0,5.8,2.6
1095,22,4.1,2.6,112.0,63.0,7.0,6.6,11.2,21.0,6.6,6.05,5.73,1.0,19.0,2.3,2.9
1103,25,4.1,2.6,112.0,63.0,7.0,6.6,11.2,21.0,6.6,6.05,5.73,1.0,18.0,18.0,1.8
1106,25,4.1,2.6,112.0,63.0,7.0,6.6,11.2,21.0,6.6,6.05,5.73,1.0,13.0,10.0,2.1
1110,35,4.1,4.2,8.0,25.0,5.4,3.5,8.7,2.0,7.7,4.31,2.58,1.0,8.0,8.0,2.0
1113,32,4.1,2.6,112.0,63.0,7.0,6.6,11.2,21.0,6.6,6.05,5.73,7.0,14.0,3.2,1.8
1118,26,4.1,2.6,112.0,63.0,7.0,6.6,11.2,21.0,6.6,6.05,5.73,1.0,9.0,9.0,1.9
1123,24,4.1,2.6,112.0,63.0,7.0,6.6,11.2,21.0,6.6,6.05,5.73,2.0,10.0,6.0,2.4
1125,26,4.1,2.6,112.0,63.0,7.0,6.6,11.2,21.0,6.6,6.05,5.73,7.0,3.0,-0.8,2.4
1127,29,4.1,2.6,112.0,63.0,7.0,6.6,11.2,21.0,6.6,6.05,5.73,7.0,14.0,3.2,0.7
1145,30,4.1,2.6,112.0,63.0,7.0,6.6,11.2,21.0,6.6,6.05,5.73,7.0,14.0,3.2,0.8
1150,30,4.1,2.6,112.0,63.0,7.0,6.6,11.2,21.0,6.6,6.05,5.73,7.0,14.0,-1.0,1.1
1157,25,4.1,2.6,112.0,63.0,7.0,6.6,11.2,21.0,6.6,6.05,5.73,1.0,18.0,1.4,1.3
1165,39,4.1,2.6,112.0,63.0,7.0,6.6,11.2,21.0,6.6,6.05,5.73,7.0,-1.0,-1.3,-0.4
1166,25,4.1,2.6,112.0,63.0,7.0,6.6,11.2,21.0,6.6,6.05,5.73,7.0,-2.0,-2.0,73.0
1167,26,4.1,2.6,112.0,63.0,7.0,6.6,11.2,21.0,6.6,6.05,5.73,7.0,14.0,-0.7,-0.9
1171,27,4.1,2.6,112.0,63.0,7.0,6.6,11.2,21.0,6.6,6.05,5.73,1.0,12.0,6.0,-1.5
1175,22,9.0,1.5,161.0,83.0,7.8,8.9,11.8,23.0,5.4,7.13,8.19,71.0,47.0,6.9,415.7
1185,26,5.0,1.8,229.0,62.0,8.2,8.4,12.6,23.0,3.7,7.68,7.84,19.0,42.0,5.3,337.8
1187,31,6.0,1.0,190.0,60.0,8.0,8.7,12.1,48.0,8.5,6.72,7.42,17.0,21.0,4.6,328.6
1190,24,5.3,2.4,191.0,54.0,7.8,7.7,11.6,44.0,8.2,6.67,6.63,29.0,30.0,5.0,321.0
1203,25,5.3,4.8,243.0,71.0,8.2,7.1,13.4,47.0,7.0,7.17,6.15,18.0,26.0,4.2,305.4
1217,23,4.3,2.0,146.0,53.0,6.7,6.7,11.4,38.0,7.6,5.72,5.71,42.0,36.0,4.7,288.6
1221,24,5.4,1.0,176.0,83.0,8.3,8.9,12.6,17.0,3.4,7.79,8.38,15.0,25.0,5.1,287.0
1223,22,3.7,2.2,173.0,88.0,6.9,6.6,10.7,48.0,8.1,5.78,5.55,27.0,35.0,5.8,285.3
1229,36,4.6,0.7,189.0,74.0,7.0,7.6,11.3,36.0,6.0,6.15,6.71,9.0,17.0,4.0,278.4
1233,27,4.4,1.2,213.0,53.0,6.7,7.0,10.4,37.0,5.7,5.91,6.26,21.0,19.0,3.9,275.9
1242,34,4.2,2.3,228.0,93.0,7.3,7.1,10.9,48.0,7.2,6.25,6.08,10.0,12.0,4.3,267.3
1250,42,3.9,1.3,193.0,59.0,6.6,6.8,10.9,27.0,4.2,6.05,6.24,8.0,17.0,1.3,263.7
1251,25,3.5,2.6,220.0,66.0,7.4,7.0,11.8,22.0,3.4,6.9,6.46,5.0,8.0,1.2,247.5
1252,28,5.7,2.7,193.0,75.0,8.4,8.3,12.1,36.0,7.0,7.31,7.22,13.0,11.0,1.3,247.3
1253,28,4.1,1.6,191.0,75.0,7.9,8.0,11.2,29.0,5.4,7.14,7.25,7.0,15.0,3.0,244.4
1254,31,5.9,1.4,165.0,66.0,8.1,8.7,11.7,28.0,5.9,7.2,7.73,8.0,14.0,2.0,244.4
1255,37,4.0,2.6,182.0,51.0,7.0,6.7,11.3,40.0,7.4,6.13,5.78,16.0,20.0,4.5,241.5
1256,38,3.9,3.4,217.0,84.0,7.8,7.1,11.8,34.0,5.4,7.03,6.32,2.0,12.0,2.4,235.5
1257,24,4.1,3.9,179.0,89.0,7.2,6.2,12.1,40.0,7.0,6.17,5.29,15.0,18.0,5.0,229.2
1258,23,4.5,1.3,150.0,70.0,7.0,7.3,11.5,33.0,6.6,6.14,6.44,20.0,21.0,5.1,229.2
1259,40,7.1,1.1,159.0,61.0,7.9,8.8,10.6,12.0,3.1,7.41,8.33,2.0,2.0,-0.4,224.8
1260,31,7.7,2.1,126.0,91.0,9.6,10.2,13.6,31.0,9.8,7.98,8.52,14.0,25.0,4.3,224.2
1261,27,4.0,1.3,143.0,50.0,6.6,6.8,10.8,27.0,5.7,5.87,6.06,20.0,24.0,4.1,217.7
1262,22,5.2,2.6,140.0,75.0,6.6,6.5,10.7,38.0,7.6,5.5,5.38,21.0,26.0,6.2,215.0
1263,32,3.0,2.7,170.0,66.0,6.6,6.0,11.1,37.0,6.5,5.74,5.19,12.0,17.0,2.3,203.7
1264,25,3.3,1.9,156.0,53.0,6.1,5.9,9.6,38.0,6.9,5.24,5.04,12.0,23.0,4.0,202.8
1265,22,4.3,2.9,147.0,92.0,6.9,6.4,11.1,33.0,7.0,5.93,5.5,6.0,24.0,1.9,189.2
1266,23,3.5,3.3,188.0,52.0,6.8,6.0,11.0,46.0,8.6,5.47,4.76,9.0,17.0,3.3,177.5
1267,31,6.5,1.7,117.0,66.0,8.6,9.1,13.4,18.0,5.8,7.64,8.15,5.0,12.0,3.3,166.6
1288,24,4.6,3.2,80.0,76.0,6.2,5.7,10.0,15.0,5.0,5.51,5.02,6.0,13.0,2.0,108.8
1292,31,4.5,2.0,83.0,69.0,6.9,6.9,10.7,15.0,5.7,5.96,5.94,2.0,9.0,1.3,103.5
1307,27,4.6,1.0,67.0,45.0,7.1,7.5,10.4,12.0,5.8,6.23,6.66,4.0,11.0,1.1,90.5
1313,34,2.3,1.9,86.0,70.0,7.0,6.6,10.7,26.0,9.0,5.65,5.29,4.0,9.0,1.7,84.9
1315,26,4.4,1.3,50.0,75.0,7.5,7.8,12.7,25.0,13.5,5.63,5.9,5.0,15.0,5.4,85.0
1320,29,4.1,2.6,112.0,63.0,7.0,6.6,11.2,21.0,6.6,6.05,5.73,10.0,30.0,5.8,102.2
1326,22,3.4,3.4,65.0,75.0,6.7,5.9,11.5,29.0,12.5,5.0,4.25,7.0,23.0,5.1,76.7
1349,23,4.5,1.9,54.0,48.0,6.5,6.6,10.2,5.0,3.1,6.17,6.2,5.0,12.0,4.0,68.0
1365,26,3.8,3.8,31.0,47.0,6.5,5.6,11.0,11.0,9.5,5.51,4.65,10.0,23.0,6.9,58.1
1377,24,2.3,3.4,47.0,75.0,5.7,4.6,10.5,14.0,7.4,4.68,3.67,1.0,9.0,3.9,55.4
1378,38,4.1,3.4,47.0,55.0,7.1,6.4,11.5,5.0,3.3,6.57,5.88,1.0,6.0,1.8,54.4
1388,23,3.1,5.0,51.0,79.0,6.6,5.0,10.6,15.0,8.6,5.49,4.01,5.0,22.0,3.2,51.3
1415,35,4.4,2.6,35.0,57.0,7.2,8.1,11.2,8.0,8.1,6.0,6.81,7.0,3.0,-0.2,42.3
1428,30,2.6,1.7,31.0,39.0,6.3,6.0,9.6,8.0,6.4,5.41,5.17,2.0,13.0,5.8,37.7
1442,27,3.6,2.4,20.0,75.0,6.1,5.8,13.2,9.0,9.7,4.9,4.58,4.0,11.0,3.9,32.5
1444,38,4.5,1.5,30.0,35.0,8.7,8.9,11.6,2.0,2.9,8.13,8.35,7.0,-1.0,-1.0,32.9
1465,33,4.7,3.1,22.0,37.0,6.8,6.3,9.7,7.0,9.9,5.45,5.03,2.0,4.0,1.0,26.0
1476,25,2.3,2.3,20.0,47.0,5.4,4.9,11.6,11.0,11.2,3.89,3.38,4.0,24.0,7.7,24.7
1501,34,6.2,6.2,22.0,23.0,5.7,4.2,10.6,5.0,7.1,4.64,3.21,7.0,6.0,0.3,21.1
1515,22,0.9,4.6,26.0,40.0,5.2,3.3,9.8,16.0,12.8,3.79,2.15,7.0,6.0,4.3,18.0
1519,29,4.1,2.7,11.0,21.0,6.1,4.9,10.7,5.0,11.9,4.33,3.26,3.0,18.0,7.8,16.9
1520,30,4.1,1.1,29.0,44.0,6.4,5.9,11.4,6.0,6.3,5.57,5.09,7.0,3.0,-0.4,16.7
1527,29,2.6,5.3,10.0,39.0,5.9,4.1,9.8,5.0,11.6,4.79,3.16,5.0,16.0,3.5,16.0
1545,37,4.1,1.6,14.0,45.0,5.7,4.9,10.0,2.0,3.1,5.38,4.67,7.0,7.0,7.0,12.7
1573,25,4.1,4.1,15.0,36.0,5.7,3.8,8.9,16.0,18.0,3.6,2.08,7.0,14.0,3.2,8.6
1600,29,4.1,5.9,15.0,41.0,7.0,4.4,13.3,2.0,3.8,6.58,4.04,7.0,14.0,-2.0,6.0
1602,26,4.1,2.6,112.0,63.0,7.0,6.6,11.2,21.0,6.6,6.05,5.73,3.0,14.0,5.9,6.1
1607,30,4.1,2.6,112.0,63.0,7.0,6.6,11.2,21.0,6.6,6.05,5.73,1.0,9.0,0.7,6.0
1626,30,4.1,2.6,112.0,63.0,7.0,6.6,11.2,21.0,6.6,6.05,5.73,7.0,14.0,3.2,4.2
1627,33,4.1,3.7,5.0,22.0,4.5,2.9,6.8,6.0,18.2,2.36,1.0,1.0,9.0,7.0,4.3
1680,24,4.1,7.7,12.0,28.0,4.4,0.9,8.1,6.0,10.3,3.17,0.07,2.0,11.0,3.1,1.3
1681,30,4.1,2.6,112.0,63.0,7.0,6.6,11.2,21.0,6.6,6.05,5.73,7.0,14.0,-0.3,0.6
1692,40,4.1,2.6,112.0,63.0,7.0,6.6,11.2,21.0,6.6,6.05,5.73,7.0,-1.0,-1.0,0.8
1710,25,4.1,2.6,112.0,63.0,7.0,6.6,11.2,21.0,6.6,6.05,5.73,7.0,14.0,-1.4,-0.1
1714,28,4.1,2.6,112.0,63.0,7.0,6.6,11.2,21.0,6.6,6.05,5.73,7.0,-1.0,-1.0,-0.3
1718,24,4.1,2.6,112.0,63.0,7.0,6.6,11.2,21.0,6.6,6.05,5.73,1.0,1.0,1.0,0.1
1720,24,4.1,2.6,112.0,63.0,7.0,6.6,11.2,21.0,6.6,6.05,5.73,7.0,-1.0,-1.0,-0.3
1723,28,4.1,2.6,112.0,63.0,7.0,6.6,11.2,21.0,6.6,6.05,5.73,7.0,14.0,3.2,0.1
1724,32,4.1,2.6,112.0,63.0,7.0,6.6,11.2,21.0,6.6,6.05,5.73,7.0,14.0,3.2,73.0
1726,27,4.1,2.6,112.0,63.0,7.0,6.6,11.2,21.0,6.6,6.05,5.73,7.0,1.0,-4.5,-0.8
1727,27,4.1,9.5,6.0,35.0,6.0,1.7,10.5,21.0,6.6,6.0,1.71,7.0,14.0,-0.8,-1.5
1730,23,4.1,2.6,112.0,63.0,7.0,6.6,11.2,21.0,6.6,6.05,5.73,7.0,-1.0,-1.0,-1.6
1736,23,8.6,2.1,262.0,89.0,8.8,9.6,13.3,26.0,4.3,8.13,8.89,17.0,28.0,4.5,417.1
1752,33,5.8,1.2,236.0,75.0,8.1,8.7,11.7,42.0,6.5,7.12,7.71,15.0,15.0,3.8,355.0
1758,36,5.0,2.4,248.0,97.0,7.6,7.5,11.3,24.0,3.4,7.1,7.04,13.0,18.0,3.2,341.9
1762,23,5.1,1.8,215.0,73.0,8.2,8.5,12.1,62.0,10.9,6.67,6.87,33.0,34.0,5.6,331.7
1769,29,6.1,2.3,260.0,68.0,7.2,7.4,10.7,18.0,2.7,6.79,6.95,12.0,33.0,3.2,327.9
1774,35,4.2,0.3,200.0,75.0,7.4,8.1,11.9,49.0,7.6,6.33,6.96,20.0,23.0,6.3,312.6
1776,24,5.7,2.1,268.0,70.0,8.4,8.5,12.9,33.0,5.6,7.52,7.69,9.0,16.0,2.5,310.3
1783,39,6.5,1.0,223.0,72.0,8.2,9.0,11.0,17.0,3.4,7.65,8.47,11.0,11.0,0.7,305.0
1789,30,8.2,1.6,162.0,66.0,8.1,9.0,12.3,51.0,10.7,6.47,7.28,23.0,40.0,5.6,299.4
1800,25,4.2,1.5,206.0,90.0,7.4,7.5,10.9,56.0,9.6,6.08,6.22,25.0,28.0,4.1,285.9
1801,37,6.3,2.4,235.0,75.0,8.5,8.7,12.4,32.0,5.9,7.6,7.79,1.0,7.0,0.4,285.0
1806,29,5.1,2.8,180.0,82.0,7.2,7.0,10.6,29.0,5.8,6.36,6.15,36.0,29.0,4.8,282.6
1810,30,5.0,1.7,218.0,75.0,7.1,7.3,10.1,40.0,6.2,6.25,6.48,12.0,19.0,2.8,283.1
1811,41,5.1,1.9,255.0,63.0,7.6,7.8,11.6,21.0,3.6,7.12,7.26,10.0,10.0,1.5,281.3
1812,24,5.5,2.8,163.0,70.0,7.4,7.3,11.2,24.0,5.2,6.72,6.59,29.0,39.0,6.2,263.0
1813,37,3.6,1.9,205.0,58.0,7.5,7.3,11.3,47.0,7.5,6.33,6.21,5.0,7.0,1.3,240.0
1814,23,5.6,2.9,171.0,71.0,7.7,7.5,12.0,25.0,4.9,6.95,6.77,8.0,35.0,3.4,240.1
1815,27,3.4,1.8,197.0,66.0,7.3,7.2,10.6,51.0,8.4,6.21,6.09,5.0,15.0,2.0,216.8
1816,30,3.1,2.6,179.0,64.0,6.6,6.1,10.7,34.0,5.5,5.9,5.39,11.0,17.0,3.6,214.9
1817,30,3.8,2.0,197.0,67.0,6.8,6.7,10.3,40.0,6.7,5.92,5.79,8.0,10.0,2.8,212.2
1818,22,3.1,3.8,89.0,75.0,6.5,5.4,12.3,28.0,8.0,5.35,4.37,41.0,45.0,7.1,208.1
1819,24,5.0,3.7,152.0,64.0,7.9,7.3,12.3,27.0,6.7,7.0,6.38,19.0,18.0,5.7,195.8
1820,26,5.2,1.7,159.0,58.0,7.7,7.9,11.0,31.0,7.2,6.65,6.89,8.0,13.0,2.7,193.7
1821,31,5.8,3.0,132.0,49.0,7.0,6.8,11.4,21.0,5.4,6.24,6.05,4.0,21.0,6.2,174.5
1822,25,3.3,2.4,121.0,61.0,7.6,7.2,11.1,42.0,11.3,6.13,5.75,26.0,27.0,5.6,175.9
1823,26,3.2,2.7,126.0,80.0,6.7,6.2,11.2,31.0,7.1,5.86,5.32,28.0,41.0,6.3,173.2
1824,21,4.1,3.6,130.0,76.0,6.9,6.1,12.0,30.0,6.8,5.99,5.24,16.0,28.0,3.1,168.4
1825,36,6.9,4.9,113.0,75.0,9.6,8.8,14.4,14.0,5.4,8.81,8.04,9.0,18.0,4.2,165.8
1826,21,3.5,1.8,67.0,74.0,7.1,7.0,12.1,16.0,8.6,6.08,5.99,45.0,39.0,4.7,157.5
1827,30,6.2,3.3,92.0,75.0,7.2,7.0,11.2,35.0,11.3,5.5,5.29,9.0,20.0,4.5,143.0
1828,34,3.0,1.5,106.0,52.0,6.6,6.6,10.6,22.0,6.3,5.88,5.81,15.0,22.0,4.1,138.0
1829,33,3.2,1.6,119.0,71.0,6.5,6.4,10.6,16.0,4.1,6.04,5.96,10.0,13.0,2.4,137.1
1833,23,4.7,3.6,106.0,85.0,8.3,7.6,12.9,17.0,5.8,7.39,6.74,1.0,2.0,-0.9,123.5
1839,21,2.8,3.6,112.0,75.0,5.8,4.8,10.5,45.0,10.3,4.47,3.53,8.0,33.0,6.0,112.9
1878,25,3.4,1.1,50.0,37.0,5.7,5.9,9.6,16.0,8.3,4.59,4.74,7.0,27.0,5.2,85.1
1895,25,4.7,4.1,60.0,82.0,7.4,6.5,12.3,18.0,9.6,5.86,5.03,6.0,13.0,3.6,75.0
1896,29,3.6,2.1,87.0,83.0,7.2,7.0,10.0,9.0,4.4,6.7,6.5,6.0,4.0,1.9,76.2
1912,28,3.4,2.2,58.0,75.0,7.0,6.7,11.0,17.0,8.7,5.73,5.42,1.0,7.0,2.6,68.0
1950,32,3.3,4.4,29.0,79.0,6.5,5.2,11.3,9.0,9.0,5.23,4.03,7.0,16.0,5.2,49.6
1957,27,5.6,3.4,35.0,56.0,8.1,7.7,13.5,13.0,12.7,6.09,5.75,2.0,13.0,4.1,48.0
1979,29,2.4,2.4,17.0,47.0,5.6,5.0,11.3,13.0,13.3,4.0,3.49,6.0,24.0,7.8,41.4
1984,25,1.5,1.5,35.0,35.0,5.4,5.0,8.3,22.0,14.4,3.66,3.33,9.0,21.0,6.5,38.7
1990,29,4.1,2.6,112.0,63.0,7.0,6.6,11.2,21.0,6.6,6.05,5.73,7.0,14.0,-1.0,53.1
2004,29,4.0,4.0,32.0,35.0,6.2,5.2,10.3,5.0,4.7,5.56,4.61,2.0,1.0,3.2,33.0
2018,28,4.1,2.6,112.0,63.0,7.0,6.6,11.2,21.0,6.6,6.05,5.73,15.0,35.0,5.3,33.6
2022,32,3.9,2.6,23.0,46.0,6.8,6.4,9.7,9.0,10.6,5.59,5.24,1.0,4.0,0.2,30.7
2035,22,6.5,2.6,11.0,53.0,8.6,9.9,13.3,21.0,6.6,8.58,9.87,2.0,10.0,3.8,26.5
2038,32,5.6,5.6,17.0,53.0,6.9,5.5,10.9,6.0,10.0,5.6,4.35,4.0,15.0,6.3,27.2
2065,39,0.9,3.6,27.0,41.0,4.9,3.4,9.0,7.0,6.0,4.31,2.94,2.0,12.0,6.4,20.8
2075,28,8.0,2.6,12.0,47.0,9.3,10.9,15.5,1.0,3.8,8.62,10.15,7.0,14.0,-0.7,17.1
2099,25,1.8,5.3,19.0,33.0,5.6,3.6,9.1,2.0,3.4,5.14,3.19,2.0,19.0,6.2,13.9
2105,31,2.5,5.0,16.0,35.0,5.0,3.3,8.0,6.0,7.0,4.27,2.64,1.0,8.0,3.5,12.7
2108,24,1.2,8.6,13.0,26.0,3.7,6.6,6.7,7.0,8.0,2.98,-0.38,4.0,24.0,5.0,12.8
2116,29,4.8,2.6,8.0,26.0,8.3,9.2,11.6,1.0,4.5,7.55,8.45,7.0,14.0,3.2,11.0
2142,27,4.1,2.6,112.0,63.0,7.0,6.6,11.2,21.0,6.6,6.05,5.73,7.0,14.0,3.2,20.3
2144,35,4.1,5.7,22.0,40.0,6.6,4.1,11.1,5.0,6.7,5.76,3.36,7.0,-1.0,-1.0,6.5
2147,26,4.3,4.3,8.0,18.0,5.1,4.0,8.4,2.0,8.0,4.4,3.4,1.0,9.0,0.5,7.2
2166,22,4.1,4.8,8.0,29.0,4.5,2.3,9.4,4.0,8.7,3.24,1.28,3.0,12.0,7.8,5.4
2170,25,4.1,2.6,112.0,63.0,7.0,6.6,11.2,21.0,6.6,6.05,5.73,7.0,-1.0,-1.0,4.7
2204,36,4.1,2.6,112.0,63.0,7.0,6.6,11.2,21.0,6.6,6.05,5.73,1.0,14.0,6.5,1.7
2212,27,4.1,2.6,112.0,63.0,7.0,6.6,11.2,21.0,6.6,6.05,5.73,7.0,14.0,3.2,1.6
2235,23,4.1,2.6,112.0,63.0,7.0,6.6,11.2,21.0,6.6,6.05,5.73,2.0,10.0,2.8,0.8
2238,28,4.1,2.6,112.0,63.0,7.0,6.6,11.2,21.0,6.6,6.05,5.73,7.0,14.0,3.2,0.8
2241,33,4.1,2.6,112.0,63.0,7.0,6.6,11.2,21.0,6.6,6.05,5.73,7.0,3.0,3.0,1.5
2265,24,4.1,2.6,112.0,63.0,7.0,6.6,11.2,21.0,6.6,6.05,5.73,7.0,-1.0,-1.0,-0.1
2266,26,4.1,2.6,112.0,63.0,7.0,6.6,11.2,21.0,6.6,6.05,5.73,1.0,3.0,-1.3,73.0
2267,28,4.1,2.6,112.0,63.0,7.0,6.6,11.2,21.0,6.6,6.05,5.73,7.0,14.0,-0.7,0.1
2269,32,4.1,8.6,3.0,20.0,3.9,0.1,7.3,7.0,16.7,2.29,-0.93,1.0,8.0,8.0,0.3
2270,37,4.1,2.6,112.0,63.0,7.0,6.6,11.2,21.0,6.6,6.05,5.73,7.0,14.0,3.2,1.1
2272,35,4.1,2.6,112.0,63.0,7.0,6.6,11.2,21.0,6.6,6.05,5.73,7.0,-1.0,-1.0,-0.1
2274,26,4.1,2.6,112.0,63.0,7.0,6.6,11.2,21.0,6.6,6.05,5.73,7.0,-1.0,-1.0,-0.6
2275,33,4.1,2.6,112.0,63.0,7.0,6.6,11.2,21.0,6.6,6.05,5.73,1.0,2.0,-0.7,-0.5
2277,28,4.1,2.6,112.0,63.0,7.0,6.6,11.2,21.0,6.6,6.05,5.73,7.0,9.0,0.3,-1.5
2281,23,4.1,2.6,112.0,63.0,7.0,6.6,11.2,21.0,6.6,6.05,5.73,7.0,-2.0,-2.0,-2.2
2290,29,6.1,2.0,189.0,74.0,7.2,7.5,11.7,43.0,7.2,6.14,6.45,36.0,31.0,6.2,347.9
2304,28,4.5,3.3,167.0,64.0,6.7,6.1,11.3,35.0,6.6,5.81,5.28,46.0,69.0,5.4,299.5
2309,40,5.5,1.4,230.0,64.0,7.9,8.4,11.9,35.0,5.7,7.1,7.56,8.0,7.0,1.1,295.9
2310,33,5.1,1.0,182.0,79.0,8.0,8.6,11.9,35.0,6.5,7.1,7.65,20.0,70.0,5.9,295.2
2321,25,7.5,1.6,161.0,72.0,7.5,8.3,12.4,28.0,6.0,6.7,7.43,27.0,24.0,4.7,281.7
2324,29,5.0,2.4,194.0,74.0,7.6,7.5,11.8,41.0,7.1,6.46,6.38,19.0,18.0,3.7,277.6
2334,29,5.1,1.8,210.0,71.0,7.9,8.1,12.0,47.0,7.7,6.8,7.01,9.0,15.0,3.4,273.6
2338,36,4.9,1.7,217.0,75.0,7.9,8.0,12.5,18.0,3.0,7.41,7.6,1.0,8.0,-0.1,270.4
2344,38,4.3,1.5,203.0,54.0,8.1,8.3,11.2,20.0,3.6,7.53,7.71,7.0,7.0,0.4,262.6
2348,35,5.0,2.5,204.0,97.0,7.6,7.5,11.8,21.0,3.6,7.07,6.95,7.0,14.0,1.7,260.7
2349,24,4.5,2.7,162.0,81.0,6.8,6.5,10.8,32.0,6.1,6.01,5.74,29.0,21.0,6.3,260.7
2358,23,5.9,1.5,177.0,94.0,8.0,8.5,12.9,25.0,5.0,7.24,7.72,3.0,22.0,1.8,255.3
2359,25,4.0,2.5,195.0,75.0,7.0,6.7,11.7,24.0,4.4,6.52,6.21,20.0,28.0,5.6,249.7
2360,29,4.6,1.5,180.0,65.0,7.4,7.6,10.9,22.0,4.4,6.78,7.03,13.0,22.0,4.0,237.9
2361,32,3.8,2.3,199.0,88.0,7.7,7.5,12.0,24.0,4.3,7.12,6.87,11.0,16.0,4.5,228.1
2362,28,3.3,1.0,133.0,47.0,6.7,6.9,10.6,46.0,9.9,5.46,5.67,28.0,32.0,5.1,222.7
2363,30,5.0,2.4,163.0,77.0,6.7,6.6,11.2,39.0,7.3,5.73,5.65,10.0,25.0,2.6,210.7
2364,24,2.9,3.3,149.0,75.0,7.1,6.2,11.5,27.0,5.6,6.37,5.51,23.0,34.0,5.2,210.5
2365,25,2.8,1.5,146.0,80.0,6.6,6.5,11.2,52.0,10.0,5.36,5.26,15.0,25.0,4.1,205.9
2366,26,4.3,2.5,168.0,87.0,6.8,6.5,10.8,20.0,3.7,6.35,6.07,5.0,32.0,2.9,206.4
2367,38,4.5,2.3,137.0,69.0,7.4,7.3,11.0,39.0,8.9,6.11,6.0,14.0,22.0,3.4,205.4
2368,23,4.3,2.5,185.0,70.0,7.9,7.7,12.4,33.0,6.9,6.94,6.7,8.0,17.0,4.1,201.7
2369,36,3.3,2.3,172.0,77.0,6.1,5.7,9.9,31.0,5.1,5.45,5.11,2.0,14.0,2.2,187.3
2370,32,3.3,2.4,163.0,66.0,5.7,5.3,8.9,27.0,4.7,5.1,4.71,4.0,25.0,2.2,185.0
2371,21,2.3,4.6,131.0,56.0,6.1,4.5,11.3,38.0,7.4,5.19,3.69,32.0,20.0,5.4,175.7
2372,22,9.3,3.9,85.0,72.0,8.3,8.4,13.5,19.0,8.5,7.1,7.19,14.0,49.0,7.5,168.9
2373,34,4.4,3.3,138.0,65.0,6.2,5.6,10.0,20.0,4.5,5.59,5.04,3.0,9.0,1.7,157.8
2374,23,2.1,2.1,100.0,70.0,6.6,6.1,11.2,31.0,8.6,5.53,5.05,14.0,46.0,6.0,134.5
2375,34,6.7,2.5,86.0,72.0,7.0,7.2,10.9,22.0,8.5,5.8,5.99,10.0,18.0,5.3,129.6
2376,26,3.4,4.0,112.0,44.0,6.5,5.4,11.1,33.0,8.6,5.41,4.38,8.0,15.0,4.1,126.1
2378,24,2.8,3.8,90.0,55.0,5.8,4.7,9.6,29.0,8.4,4.75,3.71,21.0,24.0,7.5,124.4
2398,38,3.4,2.6,95.0,46.0,7.4,6.9,12.1,22.0,7.6,6.33,5.86,5.0,4.0,0.9,102.3
2411,24,1.8,2.7,67.0,83.0,6.4,5.5,11.6,19.0,7.8,5.3,4.52,11.0,16.0,5.2,88.8
2414,26,3.9,2.8,81.0,61.0,8.8,8.3,13.0,8.0,4.3,8.08,7.62,4.0,8.0,0.7,87.9
2437,35,4.3,1.8,64.0,41.0,6.8,6.8,11.5,7.0,4.1,6.29,6.32,5.0,15.0,5.2,73.9
2451,27,2.9,2.9,53.0,54.0,6.3,5.6,11.3,10.0,5.5,5.63,4.94,3.0,18.0,4.6,67.9
2460,32,1.9,1.9,112.0,59.0,6.1,5.6,10.5,16.0,7.0,5.18,4.74,7.0,9.0,0.4,63.9
2467,28,3.5,3.5,55.0,52.0,6.4,5.5,11.4,23.0,11.9,4.83,4.06,7.0,12.0,3.7,61.6
2491,27,2.2,2.7,70.0,57.0,6.3,5.6,11.3,21.0,8.6,5.14,4.44,7.0,3.0,0.5,50.7
2498,33,3.8,3.1,49.0,52.0,5.6,5.0,11.3,7.0,4.2,5.14,4.51,2.0,5.0,0.8,50.5
2519,33,3.1,3.9,40.0,61.0,6.8,5.6,11.0,12.0,8.6,5.51,4.47,1.0,7.0,3.0,41.3
2552,28,5.0,2.0,29.0,35.0,5.3,5.4,9.4,5.0,4.7,4.65,4.75,1.0,9.0,0.3,33.8
2553,28,2.9,3.6,42.0,29.0,6.0,4.9,9.0,8.0,5.4,5.1,4.12,7.0,2.0,1.0,33.7
2554,25,5.3,6.7,21.0,49.0,6.9,5.0,11.2,6.0,7.4,5.95,4.16,4.0,11.0,7.1,33.8
2556,30,4.1,3.1,27.0,40.0,5.4,4.8,11.1,13.0,11.8,4.07,3.57,4.0,15.0,10.2,34.0
2567,28,4.1,2.6,112.0,63.0,7.0,6.6,11.2,21.0,6.6,6.05,5.73,7.0,14.0,3.2,50.0
2575,30,7.0,2.6,17.0,44.0,8.9,10.3,11.9,5.0,10.4,7.13,8.38,7.0,-1.0,-1.5,27.0
2585,26,0.9,2.7,25.0,46.0,4.9,3.8,9.9,8.0,6.7,4.08,3.12,4.0,24.0,7.9,25.3
2605,27,2.3,2.3,15.0,26.0,6.2,5.6,9.1,1.0,2.3,5.84,5.27,1.0,3.0,2.0,19.4
2627,23,4.4,6.7,15.0,30.0,6.6,4.4,9.8,9.0,16.7,4.52,2.76,2.0,11.0,6.0,14.8
2635,27,2.3,2.3,13.0,41.0,6.2,5.6,11.0,4.0,8.5,5.02,4.49,1.0,10.0,7.5,14.1
2650,26,4.1,2.6,112.0,63.0,7.0,6.6,11.2,21.0,6.6,6.05,5.73,7.0,14.0,3.2,19.7
2668,22,4.1,2.9,15.0,51.0,8.1,6.8,12.9,2.0,5.4,7.27,6.05,7.0,5.0,1.4,10.4
2671,23,4.1,10.2,15.0,21.0,5.1,1.4,10.5,1.0,2.0,4.94,1.24,1.0,9.0,3.3,10.4
2673,27,2.8,2.6,8.0,47.0,5.9,6.4,10.1,3.0,7.7,5.13,5.64,2.0,10.0,3.0,9.7
2681,28,3.6,3.6,9.0,46.0,8.5,7.6,10.4,3.0,9.7,7.23,6.42,7.0,14.0,-1.3,8.6
2695,24,4.1,2.6,5.0,16.0,5.8,5.8,7.1,3.0,11.5,4.23,4.23,1.0,22.0,22.0,7.6
2728,25,4.1,2.6,8.0,50.0,5.0,5.0,8.4,3.0,7.5,4.13,4.13,3.0,3.0,-0.2,5.2
2743,23,4.1,2.6,112.0,63.0,7.0,6.6,11.2,21.0,6.6,6.05,5.73,7.0,14.0,3.2,6.5
2754,24,4.1,4.3,6.0,31.0,5.5,3.5,11.5,6.0,20.7,2.69,1.14,7.0,-1.0,-1.0,2.9
2756,27,4.1,2.6,112.0,63.0,7.0,6.6,11.2,21.0,6.6,6.05,5.73,7.0,14.0,3.2,2.6
2766,35,2.4,4.8,10.0,17.0,3.9,2.2,6.5,8.0,16.0,2.64,1.24,7.0,14.0,3.2,2.5
2783,24,4.1,2.6,112.0,63.0,7.0,6.6,11.2,21.0,6.6,6.05,5.73,7.0,2.0,2.0,0.6
2790,24,4.1,2.6,112.0,63.0,7.0,6.6,11.2,21.0,6.6,6.05,5.73,1.0,15.0,6.5,1.4
2794,34,4.1,2.6,112.0,63.0,7.0,6.6,11.2,21.0,6.6,6.05,5.73,7.0,-1.0,-1.0,0.5
2795,24,4.1,2.6,112.0,63.0,7.0,6.6,11.2,21.0,6.6,6.05,5.73,7.0,14.0,3.2,0.4
2797,31,4.1,2.6,112.0,63.0,7.0,6.6,11.2,21.0,6.6,6.05,5.73,7.0,14.0,-0.7,-0.2
2798,28,4.1,2.6,112.0,63.0,7.0,6.6,11.2,21.0,6.6,6.05,5.73,7.0,-1.0,-1.0,-0.1
2810,34,4.1,2.6,112.0,63.0,7.0,6.6,11.2,21.0,6.6,6.05,5.73,7.0,-1.0,-1.0,-1.1
2811,32,4.1,2.6,112.0,63.0,7.0,6.6,11.2,21.0,6.6,6.05,5.73,7.0,-1.0,-1.0,-0.5
2816,24,4.1,2.6,112.0,63.0,7.0,6.6,11.2,21.0,6.6,6.05,5.73,7.0,14.0,3.2,-1.0
2817,26,4.1,2.6,112.0,63.0,7.0,6.6,11.2,21.0,6.6,6.05,5.73,7.0,14.0,3.2,-2.0
2818,25,4.1,2.6,112.0,63.0,7.0,6.6,11.2,21.0,6.6,6.05,5.73,7.0,-1.0,-1.0,-2.3
2822,33,6.6,1.1,226.0,66.0,7.3,8.1,11.0,35.0,5.4,6.48,7.24,26.0,23.0,5.5,380.0
2828,31,7.1,1.3,240.0,76.0,9.3,10.1,13.3,37.0,6.5,8.25,9.03,13.0,18.0,3.3,347.5
2833,37,5.5,2.2,265.0,98.0,7.7,7.8,11.1,27.0,3.9,7.18,7.27,7.0,7.0,0.9,332.3
2841,27,5.7,2.4,206.0,64.0,7.8,7.8,12.3,41.0,7.0,6.78,6.84,20.0,33.0,5.3,307.7
2845,28,4.1,2.0,227.0,80.0,8.1,8.0,12.1,23.0,3.7,7.52,7.45,14.0,19.0,2.8,300.3
2857,23,5.0,0.9,185.0,83.0,8.0,8.6,11.8,25.0,5.2,7.28,7.86,21.0,18.0,4.9,286.9
2866,28,4.0,1.7,218.0,73.0,7.3,7.3,11.2,37.0,5.9,6.52,6.56,16.0,24.0,5.6,279.8
2874,27,3.9,1.4,148.0,84.0,6.9,7.1,11.2,42.0,8.8,5.92,6.07,34.0,49.0,6.1,270.9
2877,24,3.7,2.6,207.0,51.0,6.2,5.8,10.6,34.0,5.2,5.63,5.23,20.0,27.0,6.2,271.1
2879,25,5.0,1.1,191.0,75.0,7.0,7.5,11.0,16.0,2.8,6.7,7.2,5.0,13.0,1.8,268.5
2881,28,3.8,2.0,193.0,59.0,7.7,7.6,12.0,41.0,7.0,6.69,6.56,18.0,18.0,3.6,270.1
2894,29,3.2,1.4,206.0,86.0,7.5,7.5,11.6,41.0,6.8,6.53,6.53,17.0,15.0,4.0,260.6
2898,23,5.8,2.0,157.0,60.0,7.6,7.9,12.4,23.0,4.9,6.9,7.14,22.0,41.0,5.8,259.9
2899,39,6.5,0.5,165.0,79.0,8.2,9.3,12.2,15.0,3.4,7.76,8.81,11.0,15.0,2.3,258.6
2900,35,5.7,3.6,215.0,59.0,7.6,7.1,12.6,36.0,5.9,6.84,6.37,3.0,10.0,2.5,258.9
2901,22,4.9,3.2,216.0,45.0,7.2,6.8,11.9,35.0,5.8,6.4,5.98,13.0,14.0,3.1,256.1
2902,27,3.7,2.7,173.0,88.0,6.9,6.4,13.0,36.0,6.6,5.92,5.46,28.0,28.0,4.0,254.3
2903,34,5.7,2.6,184.0,72.0,7.5,7.5,11.6,17.0,3.2,6.99,6.98,3.0,14.0,0.9,252.2
2904,37,4.4,2.3,220.0,80.0,7.1,6.9,11.6,40.0,6.3,6.2,6.03,3.0,16.0,2.7,243.1
2905,31,3.0,2.2,204.0,95.0,6.4,6.0,9.9,33.0,4.7,5.78,5.39,6.0,16.0,2.8,242.5
2906,35,4.3,2.7,191.0,75.0,6.7,6.4,10.7,21.0,3.4,6.28,5.95,2.0,6.0,-0.4,224.2
2907,32,3.1,1.6,182.0,80.0,7.2,7.0,10.7,28.0,5.4,6.5,6.39,11.0,24.0,2.8,224.8
2908,29,3.6,0.9,199.0,71.0,7.0,7.3,9.8,37.0,6.3,6.11,6.41,3.0,24.0,2.7,221.9
2909,24,2.6,2.3,192.0,73.0,6.2,5.7,10.0,33.0,5.2,5.58,5.09,17.0,17.0,3.3,214.0
2910,29,4.8,1.2,101.0,65.0,6.8,7.2,11.4,36.0,9.8,5.54,5.92,29.0,30.0,6.8,200.4
2911,25,3.7,2.1,155.0,76.0,7.0,6.8,11.8,31.0,6.0,6.22,6.04,6.0,14.0,2.0,191.7
2912,28,4.9,3.1,134.0,74.0,7.7,7.3,11.5,29.0,6.9,6.65,6.27,11.0,18.0,4.2,190.2
2913,26,2.9,3.1,154.0,53.0,5.8,5.0,9.8,27.0,5.0,5.12,4.34,14.0,21.0,4.4,169.0
2914,34,3.0,4.2,130.0,57.0,6.7,5.4,11.9,19.0,4.5,6.23,4.99,7.0,14.0,3.9,133.4
2933,28,2.8,3.4,103.0,65.0,6.8,5.9,11.2,23.0,6.7,5.97,5.06,8.0,13.0,2.6,111.1
2975,31,3.0,2.6,75.0,64.0,7.2,7.8,10.8,4.0,2.0,7.0,7.58,7.0,3.0,-0.3,79.6
2982,23,3.1,1.0,69.0,44.0,7.1,7.2,10.8,21.0,9.7,5.74,5.88,1.0,8.0,1.6,77.0
2989,27,3.1,3.8,50.0,75.0,5.8,4.7,10.2,11.0,6.4,5.13,4.13,16.0,24.0,4.3,73.7
2995,26,3.7,6.5,90.0,37.0,7.5,5.3,12.5,6.0,2.7,7.06,4.95,7.0,5.0,0.3,71.8
3006,26,1.4,2.0,43.0,58.0,6.0,5.4,10.2,22.0,13.0,4.43,3.86,10.0,20.0,6.1,66.4
3025,32,9.2,3.4,35.0,66.0,8.3,8.6,13.1,1.0,1.1,8.19,8.48,7.0,-1.0,-1.0,54.7
3033,22,2.4,3.4,48.0,66.0,5.3,4.3,9.7,26.0,11.3,3.75,2.82,1.0,6.0,2.0,53.2
3036,37,3.6,3.6,56.0,54.0,6.7,5.8,12.2,18.0,9.8,5.32,4.5,7.0,7.0,3.0,52.1
3045,33,2.9,3.6,45.0,54.0,7.7,6.7,13.1,17.0,11.0,6.2,5.26,1.0,12.0,4.8,46.8
3080,25,6.3,2.6,22.0,37.0,8.0,9.2,11.7,3.0,4.5,7.38,8.59,1.0,10.0,0.6,36.0
3086,27,4.7,2.3,27.0,51.0,6.5,6.4,10.5,4.0,4.4,5.82,5.71,7.0,14.0,-0.7,33.9
3092,25,2.3,5.3,35.0,52.0,6.1,4.2,10.8,13.0,8.9,5.0,3.25,1.0,9.0,3.8,32.3
3101,24,4.1,2.6,18.0,58.0,7.3,7.3,11.8,6.0,9.8,5.8,5.8,5.0,27.0,5.2,28.3
3102,27,5.5,2.6,15.0,49.0,7.5,8.5,11.4,4.0,6.8,6.37,7.39,7.0,-1.0,-1.0,28.0
3103,22,2.4,1.2,25.0,31.0,6.0,5.9,10.1,9.0,9.8,4.95,4.89,1.0,10.0,2.3,28.4
3155,26,4.1,2.6,20.0,32.0,6.3,6.3,10.0,5.0,6.4,5.45,5.45,2.0,11.0,2.0,17.6
3156,33,3.8,9.4,22.0,48.0,8.5,5.1,12.6,21.0,6.6,8.55,5.06,7.0,4.0,4.0,16.5
3159,24,4.1,7.7,6.0,17.0,4.0,0.5,7.4,2.0,7.1,3.36,0.14,5.0,28.0,13.1,16.7
3163,34,3.9,3.9,16.0,50.0,5.6,4.6,9.5,5.0,8.9,4.66,3.77,7.0,3.0,0.8,15.7
3205,36,4.1,2.6,12.0,33.0,6.9,6.9,12.7,1.0,2.8,6.53,6.53,7.0,9.0,1.0,10.2
3215,27,4.1,2.6,112.0,63.0,7.0,6.6,11.2,21.0,6.6,6.05,5.73,7.0,14.0,3.2,9.0
3220,32,4.2,6.3,11.0,29.0,4.0,2.0,10.1,1.0,2.0,3.76,1.82,7.0,-1.0,-1.0,9.4
3226,34,4.2,4.2,8.0,31.0,7.6,6.5,13.0,2.0,7.7,6.46,5.5,7.0,2.0,0.5,9.4
3228,23,4.1,2.6,112.0,63.0,7.0,6.6,11.2,21.0,6.6,6.05,5.73,1.0,11.0,0.1,7.9
3234,26,4.1,2.6,112.0,63.0,7.0,6.6,11.2,21.0,6.6,6.05,5.73,1.0,7.0,4.5,7.9
3243,26,4.1,2.6,6.0,35.0,5.0,5.0,11.9,3.0,10.3,3.83,3.83,3.0,8.0,2.8,7.4
3250,23,4.8,4.8,6.0,32.0,7.1,6.0,10.7,2.0,8.7,6.22,5.13,7.0,14.0,3.2,6.0
3264,36,4.1,2.6,112.0,63.0,7.0,6.6,11.2,21.0,6.6,6.05,5.73,7.0,14.0,3.2,5.2
3294,24,4.1,2.6,112.0,63.0,7.0,6.6,11.2,21.0,6.6,6.05,5.73,7.0,-1.0,-1.0,1.7
3297,27,4.1,2.6,112.0,63.0,7.0,6.6,11.2,21.0,6.6,6.05,5.73,7.0,-1.0,-1.0,1.7
3317,30,4.1,2.6,112.0,63.0,7.0,6.6,11.2,21.0,6.6,6.05,5.73,7.0,14.0,3.2,0.6
3319,26,4.1,2.6,112.0,63.0,7.0,6.6,11.2,21.0,6.6,6.05,5.73,7.0,14.0,3.2,0.9
3343,33,4.1,2.6,112.0,63.0,7.0,6.6,11.2,21.0,6.6,6.05,5.73,7.0,14.0,-0.5,-0.1
3344,31,4.1,2.6,112.0,63.0,7.0,6.6,11.2,21.0,6.6,6.05,5.73,7.0,-2.0,-2.0,-0.2
3352,30,4.1,2.6,112.0,63.0,7.0,6.6,11.2,21.0,6.6,6.05,5.73,7.0,1.0,-0.5,-0.5
3353,35,4.1,2.6,112.0,63.0,7.0,6.6,11.2,21.0,6.6,6.05,5.73,7.0,-1.0,-1.0,0.4
3358,24,4.1,2.6,112.0,63.0,7.0,6.6,11.2,21.0,6.6,6.05,5.73,7.0,-1.0,-1.0,-1.3
3360,23,4.1,2.6,112.0,63.0,7.0,6.6,11.2,21.0,6.6,6.05,5.73,7.0,14.0,-0.7,-1.5
3366,26,7.1,2.0,195.0,74.0,7.8,8.3,13.0,33.0,6.3,6.73,7.2,59.0,47.0,4.8,389.1
3381,38,5.8,1.1,229.0,76.0,7.6,8.3,11.9,38.0,5.7,6.87,7.48,14.0,13.0,1.6,344.7
3385,27,7.0,1.7,190.0,80.0,8.3,9.0,12.2,45.0,8.5,7.12,7.73,31.0,24.0,5.4,336.3
3400,23,5.8,3.0,220.0,90.0,7.3,7.1,12.5,51.0,7.8,6.25,6.09,24.0,28.0,6.0,316.1
3408,36,6.5,2.0,231.0,68.0,8.7,9.1,13.7,25.0,4.4,8.04,8.41,5.0,12.0,1.0,309.2
3410,36,5.1,1.8,228.0,80.0,7.8,8.0,11.4,31.0,4.7,7.04,7.26,5.0,12.0,0.6,304.2
3414,32,5.4,1.4,177.0,65.0,6.7,7.1,11.0,46.0,7.4,5.67,6.1,20.0,18.0,5.9,301.2
3425,27,5.3,2.0,205.0,78.0,7.7,7.8,11.0,26.0,4.6,6.99,7.14,8.0,13.0,1.8,293.4
3428,27,5.4,2.2,224.0,57.0,7.2,7.3,10.7,44.0,6.9,6.31,6.39,13.0,18.0,3.6,290.8
3431,34,5.7,2.3,206.0,87.0,7.2,7.3,11.5,27.0,4.2,6.63,6.74,5.0,18.0,3.1,287.4
3434,33,5.5,2.7,197.0,69.0,6.9,6.9,11.7,19.0,3.3,6.56,6.46,23.0,19.0,4.5,285.2
3437,34,4.4,2.0,227.0,80.0,7.2,7.2,11.0,40.0,5.7,6.46,6.45,2.0,8.0,1.6,284.5
3439,21,4.1,2.8,201.0,68.0,7.6,7.1,13.0,27.0,4.8,6.85,6.44,19.0,21.0,3.9,275.0
3440,24,5.6,2.3,188.0,68.0,7.0,7.1,11.4,31.0,5.1,6.22,6.31,8.0,24.0,4.2,271.3
3441,31,4.3,1.5,155.0,80.0,7.4,7.6,11.4,45.0,8.7,6.31,6.48,34.0,49.0,5.9,271.2
3442,26,5.3,1.6,129.0,63.0,8.0,8.3,12.5,36.0,8.7,6.79,7.1,28.0,31.0,5.5,271.6
3443,27,4.1,2.0,195.0,54.0,7.2,7.1,11.6,45.0,7.1,6.0,5.91,8.0,28.0,4.4,258.3
3444,28,6.5,1.8,148.0,80.0,8.4,8.9,12.7,20.0,4.9,7.71,8.17,15.0,12.0,2.5,244.2
3445,30,3.4,2.6,228.0,70.0,7.5,7.0,11.3,30.0,4.7,6.81,6.35,9.0,18.0,1.8,233.9
3446,33,4.5,3.4,175.0,69.0,8.4,7.8,12.3,20.0,4.1,7.76,7.15,4.0,13.0,1.9,228.1
3447,32,4.3,2.3,173.0,87.0,7.6,7.4,11.8,29.0,5.7,6.85,6.71,16.0,26.0,5.3,226.5
3448,22,5.1,2.7,142.0,61.0,7.6,7.4,12.3,38.0,9.3,6.27,6.1,11.0,87.0,7.4,211.0
3449,23,3.1,2.0,153.0,52.0,7.2,6.9,11.1,44.0,9.0,5.96,5.7,18.0,19.0,4.4,200.4
3450,28,3.6,2.6,170.0,78.0,7.0,6.5,10.8,28.0,5.0,6.29,5.85,2.0,14.0,1.5,194.9
3451,30,5.1,1.9,130.0,49.0,7.1,7.2,11.6,25.0,6.3,6.14,6.31,6.0,15.0,2.9,166.6
3452,30,3.4,2.9,125.0,50.0,6.8,6.1,10.5,16.0,3.7,6.22,5.61,6.0,16.0,1.8,161.9
3453,36,4.1,1.4,96.0,56.0,7.2,7.4,11.3,23.0,7.3,6.26,6.45,10.0,13.0,4.9,132.2
3454,26,5.1,4.1,92.0,87.0,6.4,5.6,11.6,15.0,4.9,5.82,5.04,13.0,25.0,5.9,130.8
3456,26,3.5,2.5,85.0,71.0,7.2,6.8,11.4,25.0,8.1,6.08,5.71,10.0,44.0,5.8,129.7
3466,25,3.6,2.2,92.0,72.0,7.2,6.9,11.6,23.0,7.7,6.09,5.86,6.0,8.0,2.9,116.8
3474,28,2.5,2.0,73.0,76.0,6.6,6.2,11.2,28.0,10.3,5.33,4.94,15.0,15.0,5.7,110.2
3491,26,2.1,3.0,85.0,68.0,6.1,5.2,10.8,14.0,4.0,5.57,4.68,4.0,10.0,1.2,96.1
3494,23,3.1,2.2,72.0,61.0,6.7,6.3,11.6,19.0,7.9,5.62,5.26,11.0,34.0,6.2,95.0
3499,40,3.5,2.0,87.0,57.0,6.6,6.4,10.8,16.0,5.9,5.84,5.68,2.0,10.0,0.9,91.1
3500,39,2.7,5.1,110.0,75.0,6.8,5.0,11.4,16.0,4.6,6.21,4.52,7.0,-1.0,-1.0,91.4
3546,33,2.5,3.4,112.0,51.0,6.3,5.2,10.7,14.0,6.4,5.46,4.47,7.0,24.0,5.2,66.8
3548,32,3.6,1.4,112.0,67.0,7.5,7.5,10.8,10.0,6.7,6.44,6.51,7.0,11.0,2.9,66.4
3577,25,5.0,1.7,46.0,66.0,7.2,7.4,10.8,12.0,9.2,6.04,6.27,3.0,16.0,2.2,55.3
3600,27,3.2,0.8,42.0,60.0,6.6,6.9,10.9,4.0,3.1,6.2,6.47,2.0,4.0,0.4,43.6
3605,24,2.4,4.2,46.0,57.0,5.6,4.2,9.3,13.0,7.3,4.68,3.36,2.0,5.0,0.9,42.2
3608,35,4.1,5.8,47.0,39.0,7.3,5.5,10.7,6.0,4.7,6.69,4.99,1.0,12.0,3.3,40.7
3613,25,3.6,3.6,26.0,58.0,6.7,5.8,10.8,6.0,6.7,5.73,4.9,11.0,16.0,3.8,38.8
3629,28,1.6,3.2,112.0,48.0,5.9,4.8,10.3,7.0,5.3,5.31,4.25,7.0,11.0,3.3,33.2
3630,26,3.8,5.8,40.0,36.0,7.5,5.7,12.8,5.0,4.6,6.94,5.19,7.0,14.0,-0.5,33.1
3631,29,4.4,4.4,30.0,43.0,6.8,5.7,10.4,9.0,9.0,5.62,4.62,2.0,11.0,3.7,32.8
3638,35,3.0,1.5,14.0,72.0,5.6,5.5,9.3,10.0,13.2,4.18,4.12,5.0,24.0,5.0,30.7
3659,34,3.8,5.0,28.0,48.0,6.8,5.3,10.4,3.0,3.6,6.18,4.73,1.0,7.0,2.5,26.6
3682,28,5.3,1.8,19.0,61.0,6.5,6.8,13.2,5.0,8.1,5.44,5.68,7.0,7.0,3.2,22.8
3683,26,5.5,7.3,19.0,88.0,9.3,7.1,16.0,2.0,3.5,8.7,6.6,7.0,14.0,-1.0,22.0
3699,25,4.8,2.4,14.0,28.0,6.3,6.2,9.8,3.0,6.7,5.47,5.36,1.0,29.0,17.0,20.0
3703,26,1.1,3.2,25.0,42.0,5.8,4.6,9.8,11.0,10.5,4.3,3.2,4.0,17.0,4.7,19.2
3761,34,4.1,2.6,19.0,25.0,8.6,7.4,10.5,1.0,2.5,8.38,7.25,7.0,14.0,3.2,11.4
3767,27,3.6,3.6,7.0,57.0,5.3,4.4,9.9,1.0,3.4,4.9,4.03,3.0,9.0,3.0,10.4
3770,26,6.3,3.1,10.0,14.0,4.4,4.3,6.2,2.0,5.9,3.59,3.44,7.0,14.0,3.2,9.7
3771,32,2.5,2.5,13.0,23.0,5.0,4.4,9.1,21.0,6.6,5.03,4.4,7.0,14.0,3.2,10.0
3777,29,4.1,2.6,112.0,63.0,7.0,6.6,11.2,21.0,6.6,6.05,5.73,7.0,-1.0,-1.0,8.8
3788,28,4.1,2.6,112.0,63.0,7.0,6.6,11.2,21.0,6.6,6.05,5.73,7.0,14.0,3.2,8.0
3793,25,4.1,2.6,112.0,63.0,7.0,6.6,11.2,21.0,6.6,6.05,5.73,7.0,14.0,3.2,6.7
3797,32,4.1,2.6,112.0,63.0,7.0,6.6,11.2,21.0,6.6,6.05,5.73,7.0,-1.0,-1.0,6.4
3803,26,4.1,2.6,112.0,63.0,7.0,6.6,11.2,21.0,6.6,6.05,5.73,7.0,14.0,3.2,6.3
3821,33,4.1,3.1,112.0,33.0,4.7,3.3,9.4,5.0,13.5,3.3,2.08,7.0,2.0,0.5,4.1
3823,27,4.1,2.6,112.0,63.0,7.0,6.6,11.2,21.0,6.6,6.05,5.73,7.0,6.0,1.0,4.7
3851,32,4.1,2.6,112.0,63.0,7.0,6.6,11.2,21.0,6.6,6.05,5.73,7.0,2.0,-0.3,1.2
3857,32,4.1,2.6,112.0,63.0,7.0,6.6,11.2,21.0,6.6,6.05,5.73,7.0,-1.0,-1.0,0.7
3864,23,4.1,2.6,112.0,63.0,7.0,6.6,11.2,21.0,6.6,6.05,5.73,7.0,14.0,3.2,1.2
3880,29,4.1,2.6,112.0,63.0,7.0,6.6,11.2,21.0,6.6,6.05,5.73,7.0,-1.0,-1.0,73.0
3881,24,4.1,2.6,112.0,63.0,7.0,6.6,11.2,21.0,6.6,6.05,5.73,7.0,-1.0,-1.0,-0.3
3883,35,4.1,2.6,112.0,63.0,7.0,6.6,11.2,21.0,6.6,6.05,5.73,7.0,-1.0,-1.3,0.1
3886,31,4.1,2.6,112.0,63.0,7.0,6.6,11.2,21.0,6.6,6.05,5.73,7.0,14.0,-0.7,0.4
3888,24,4.1,2.6,112.0,63.0,7.0,6.6,11.2,21.0,6.6,6.05,5.73,7.0,-1.0,-1.0,-0.1
3896,31,4.1,8.0,6.0,21.0,4.2,0.6,9.5,2.0,7.4,3.56,0.22,7.0,-1.0,-1.0,-1.1
3898,25,4.1,2.6,112.0,63.0,7.0,6.6,11.2,21.0,6.6,6.05,5.73,7.0,-4.0,-4.0,-2.0
3912,31,7.3,1.0,221.0,80.0,8.4,9.5,12.8,28.0,5.1,7.68,8.65,22.0,19.0,6.3,354.1
3913,25,6.5,2.6,235.0,80.0,7.7,7.9,12.5,27.0,4.2,7.15,7.28,20.0,20.0,4.3,351.7
3921,26,4.4,1.5,161.0,80.0,7.7,7.9,12.2,42.0,8.5,6.54,6.72,47.0,55.0,7.2,330.6
3931,38,6.5,2.5,227.0,86.0,7.9,8.1,12.0,17.0,2.8,7.51,7.68,7.0,4.0,-1.0,312.7
3936,32,5.3,1.5,244.0,94.0,8.1,8.5,12.1,33.0,5.1,7.46,7.82,6.0,8.0,0.8,306.2
3938,35,5.0,2.6,259.0,69.0,7.5,7.4,10.9,29.0,4.2,6.93,6.77,6.0,13.0,2.5,304.0
3953,29,4.5,2.2,233.0,79.0,7.5,7.4,11.3,31.0,4.7,6.81,6.71,10.0,15.0,5.0,284.3
3960,26,4.6,2.0,225.0,50.0,6.9,6.9,10.3,46.0,7.2,5.83,5.83,18.0,40.0,5.6,279.5
3961,37,5.7,1.5,221.0,69.0,7.1,7.5,11.0,21.0,3.5,6.59,7.01,11.0,17.0,1.6,278.1
3968,33,5.0,2.3,219.0,80.0,7.3,7.3,11.6,28.0,4.5,6.71,6.67,4.0,18.0,2.6,269.5
3972,34,7.8,2.1,191.0,68.0,8.5,9.1,12.2,29.0,6.3,7.52,8.11,6.0,21.0,2.3,266.3
3974,33,5.4,3.2,213.0,59.0,7.5,7.2,11.3,36.0,5.9,6.76,6.45,11.0,17.0,2.8,265.6
3977,29,4.9,2.2,194.0,80.0,7.2,7.2,11.6,19.0,3.3,6.66,6.66,17.0,15.0,1.8,262.4
3978,31,5.0,3.2,181.0,74.0,6.8,6.3,10.3,38.0,6.3,5.99,5.57,14.0,25.0,4.9,255.6
3979,26,3.7,2.0,212.0,73.0,7.1,6.9,11.7,45.0,7.0,6.19,6.03,11.0,18.0,2.2,251.6
3980,27,4.0,2.1,164.0,80.0,7.0,6.9,11.7,52.0,9.8,5.71,5.58,28.0,90.0,6.1,250.7
3981,25,4.0,2.7,156.0,51.0,7.0,6.6,11.9,38.0,7.8,5.82,5.45,48.0,22.0,5.2,249.0
3982,27,4.0,3.5,160.0,81.0,7.1,6.3,11.0,21.0,4.2,6.52,5.75,21.0,20.0,2.8,225.6
3983,30,3.9,1.3,179.0,70.0,7.0,7.2,10.8,45.0,8.8,5.96,6.14,15.0,25.0,5.2,220.0
3984,23,3.5,2.0,163.0,77.0,5.5,5.3,9.4,24.0,3.9,5.01,4.82,12.0,41.0,3.2,192.0
3985,22,3.5,3.0,137.0,87.0,7.3,6.6,11.3,39.0,8.8,6.05,5.46,15.0,16.0,4.4,179.7
3986,32,5.4,2.6,120.0,76.0,8.0,7.9,12.6,21.0,6.3,7.21,7.15,13.0,16.0,3.7,179.7
3987,32,4.0,2.2,148.0,84.0,6.8,6.6,10.5,33.0,6.9,5.88,5.69,2.0,10.0,0.9,176.1
3988,22,2.3,3.6,136.0,63.0,6.1,5.0,10.4,55.0,10.4,4.84,3.81,29.0,34.0,7.5,168.2
3989,29,2.7,3.0,163.0,81.0,7.6,6.8,13.7,24.0,5.2,6.85,6.11,5.0,11.0,1.6,156.9
3990,24,3.5,3.5,119.0,74.0,6.9,6.0,11.5,28.0,7.1,5.95,5.13,18.0,18.0,4.0,150.8
3991,28,4.5,3.6,119.0,72.0,7.8,7.1,12.2,23.0,6.9,6.83,6.18,5.0,15.0,2.6,139.4
3992,35,3.4,4.3,100.0,56.0,6.7,5.5,12.0,36.0,9.9,5.43,4.3,12.0,16.0,5.1,126.9
3994,25,4.2,3.2,101.0,68.0,7.0,6.3,11.6,9.0,2.8,6.53,5.93,6.0,14.0,4.3,119.3
4012,25,4.2,3.2,106.0,59.0,7.0,6.5,11.1,29.0,9.3,5.82,5.29,2.0,12.0,2.3,107.6
4017,35,4.9,1.3,82.0,80.0,7.3,7.6,11.5,9.0,3.9,6.73,7.09,1.0,12.0,3.1,103.5
4026,30,2.9,2.1,77.0,49.0,7.1,6.8,13.0,11.0,4.4,6.55,6.22,5.0,13.0,2.5,94.7
4034,25,4.9,3.0,64.0,41.0,7.0,6.6,12.1,16.0,7.3,6.05,5.74,3.0,19.0,4.9,89.6
4035,34,3.5,3.1,82.0,63.0,7.2,6.6,11.4,18.0,7.3,6.24,5.61,1.0,9.0,1.0,90.3
4038,26,4.9,4.4,75.0,81.0,8.4,7.4,13.6,8.0,3.8,7.74,6.77,3.0,12.0,2.9,88.4
4041,24,1.9,2.8,70.0,69.0,7.9,7.0,11.5,33.0,13.4,5.94,5.17,10.0,23.0,4.6,87.4
4042,32,3.8,1.1,55.0,75.0,7.2,7.4,12.6,18.0,8.9,6.02,6.27,6.0,23.0,4.5,87.0
4066,23,4.5,3.9,56.0,80.0,7.9,7.0,13.2,18.0,9.1,6.47,5.68,1.0,8.0,0.8,70.9
4083,26,3.4,4.8,47.0,61.0,6.8,5.3,11.5,14.0,8.8,5.68,4.33,11.0,29.0,6.5,63.9
4087,28,3.1,2.3,44.0,70.0,8.3,7.8,11.6,17.0,11.7,6.48,6.1,5.0,20.0,4.1,62.9
4101,24,3.8,2.3,41.0,80.0,6.4,6.1,11.0,6.0,4.4,5.8,5.54,2.0,8.0,3.3,58.7
4125,31,5.2,2.6,44.0,35.0,7.2,8.3,10.8,4.0,4.0,6.77,7.76,3.0,8.0,3.0,50.4
4143,34,2.5,1.7,33.0,67.0,5.0,4.7,9.4,19.0,13.6,3.71,3.49,10.0,24.0,5.9,43.5
4183,29,3.8,1.3,19.0,63.0,6.3,6.5,11.7,16.0,17.0,4.12,4.28,2.0,12.0,6.3,30.2
4207,32,4.2,5.6,21.0,28.0,6.0,4.3,10.4,6.0,7.8,5.01,3.45,1.0,13.0,2.0,22.8
4209,26,2.6,2.6,21.0,35.0,5.6,5.0,9.7,3.0,3.8,5.25,4.63,6.0,13.0,3.5,22.9
4212,25,2.2,4.3,30.0,41.0,6.0,4.5,12.5,6.0,6.1,5.21,3.8,7.0,14.0,3.2,22.5
4221,26,2.7,2.7,23.0,41.0,5.3,4.7,9.8,1.0,1.3,5.2,4.54,2.0,2.0,-0.3,19.8
4223,31,7.3,4.9,16.0,43.0,7.4,6.7,12.6,1.0,2.4,7.0,6.29,7.0,1.0,-0.2,20.0
4235,39,4.5,2.6,17.0,32.0,6.8,7.8,10.0,2.0,4.3,6.39,7.26,7.0,14.0,-1.4,16.9
4243,27,4.2,2.1,13.0,22.0,4.6,4.5,8.6,3.0,5.9,3.98,3.88,2.0,4.0,3.0,15.8
4273,23,3.7,2.6,8.0,37.0,6.7,7.5,9.6,5.0,15.6,4.56,5.19,2.0,9.0,0.9,12.2
4275,22,4.1,5.7,6.0,32.0,5.0,2.4,9.7,3.0,7.9,3.92,1.55,1.0,10.0,3.2,11.9
4278,26,4.1,4.5,13.0,18.0,5.0,3.0,10.1,6.0,12.0,3.76,1.96,2.0,8.0,4.0,12.5
4306,28,4.1,2.6,8.0,30.0,5.6,5.6,9.8,4.0,12.5,4.38,4.38,1.0,9.0,3.8,7.8
4324,23,4.1,2.6,112.0,63.0,7.0,6.6,11.2,21.0,6.6,6.05,5.73,7.0,14.0,3.2,7.2
4329,25,4.1,2.6,112.0,63.0,7.0,6.6,11.2,21.0,6.6,6.05,5.73,7.0,5.0,5.0,6.0
4331,24,4.1,2.6,112.0,63.0,7.0,6.6,11.2,21.0,6.6,6.05,5.73,7.0,4.0,3.2,6.1
4347,25,4.1,2.6,112.0,63.0,7.0,6.6,11.2,21.0,6.6,6.05,5.73,1.0,3.0,1.5,5.5
4360,23,4.1,3.6,10.0,49.0,6.3,4.7,12.6,4.0,12.5,4.69,3.28,1.0,7.0,1.3,4.0
4382,24,4.1,2.6,112.0,63.0,7.0,6.6,11.2,21.0,6.6,6.05,5.73,7.0,-1.0,-1.5,2.1
4385,26,4.1,2.6,112.0,63.0,7.0,6.6,11.2,21.0,6.6,6.05,5.73,1.0,2.0,2.0,1.8
4389,28,4.1,2.6,112.0,63.0,7.0,6.6,11.2,21.0,6.6,6.05,5.73,7.0,14.0,3.2,2.6
4393,33,4.1,2.6,112.0,63.0,7.0,6.6,11.2,21.0,6.6,6.05,5.73,7.0,1.0,1.0,1.1
4401,30,4.1,2.6,112.0,63.0,7.0,6.6,11.2,21.0,6.6,6.05,5.73,7.0,-1.0,-1.0,0.6
4407,27,4.1,2.6,112.0,63.0,7.0,6.6,11.2,21.0,6.6,6.05,5.73,7.0,14.0,3.2,0.6
4409,24,4.1,2.6,112.0,63.0,7.0,6.6,11.2,21.0,6.6,6.05,5.73,7.0,14.0,3.2,73.0
4410,31,4.1,2.6,112.0,63.0,7.0,6.6,11.2,21.0,6.6,6.05,5.73,7.0,14.0,3.2,0.4
4413,31,4.1,2.6,112.0,63.0,7.0,6.6,11.2,21.0,6.6,6.05,5.73,7.0,-1.0,-1.0,-0.2
4414,31,4.1,2.6,112.0,63.0,7.0,6.6,11.2,21.0,6.6,6.05,5.73,7.0,14.0,3.2,73.0
4415,30,4.1,2.6,112.0,63.0,7.0,6.6,11.2,21.0,6.6,6.05,5.73,7.0,-1.0,-1.0,0.2
4419,24,4.1,2.6,112.0,63.0,7.0,6.6,11.2,21.0,6.6,6.05,5.73,7.0,1.0,-1.0,0.5
4420,25,4.1,2.6,112.0,63.0,7.0,6.6,11.2,21.0,6.6,6.05,5.73,7.0,14.0,-0.8,-0.3
4423,29,4.1,2.6,112.0,63.0,7.0,6.6,11.2,21.0,6.6,6.05,5.73,7.0,-1.0,-1.0,-2.4
4425,33,4.1,2.6,112.0,63.0,7.0,6.6,11.2,21.0,6.6,6.05,5.73,7.0,14.0,3.2,-3.7
4428,37,8.3,1.5,291.0,78.0,8.3,9.3,12.2,18.0,2.7,7.91,8.87,1.0,1.0,-1.0,410.0
4436,34,6.0,1.8,246.0,76.0,7.9,8.3,11.6,37.0,5.4,7.16,7.51,6.0,16.0,1.5,357.7
4465,24,5.1,2.7,172.0,79.0,7.1,6.9,11.6,43.0,8.3,5.9,5.69,45.0,56.0,5.3,297.7
4468,24,4.0,1.6,189.0,73.0,6.7,6.8,11.1,32.0,5.3,5.97,6.06,23.0,29.0,6.0,292.6
4470,26,5.6,3.4,206.0,82.0,7.3,6.9,11.8,29.0,4.7,6.68,6.29,15.0,12.0,3.0,288.0
4472,32,5.9,2.0,233.0,60.0,8.2,8.5,11.8,30.0,5.2,7.54,7.79,5.0,18.0,2.6,287.4
4477,25,4.6,3.0,223.0,87.0,7.3,6.9,12.5,23.0,3.5,6.82,6.4,13.0,14.0,1.9,278.9
4487,25,6.4,2.2,157.0,80.0,8.2,8.5,13.1,44.0,9.8,6.84,7.1,31.0,27.0,5.6,270.2
4493,26,5.0,1.9,148.0,64.0,7.7,7.8,13.2,39.0,8.6,6.52,6.65,28.0,28.0,5.7,264.3
4496,33,5.8,1.9,198.0,82.0,7.2,7.5,11.2,35.0,6.1,6.24,6.54,5.0,15.0,1.9,260.9
4499,24,8.5,0.6,130.0,63.0,9.1,10.5,14.2,28.0,8.1,7.88,9.18,16.0,21.0,3.9,259.7
4503,31,4.8,2.4,211.0,67.0,7.3,7.2,11.4,42.0,6.7,6.36,6.24,5.0,19.0,3.7,258.8
4504,29,4.5,1.4,168.0,71.0,6.5,6.8,10.8,39.0,7.1,5.67,5.94,24.0,26.0,5.7,254.2
4505,29,4.5,1.4,168.0,71.0,6.5,6.8,10.8,39.0,7.1,5.67,5.94,24.0,26.0,5.7,254.2
4506,36,4.0,1.8,226.0,81.0,6.9,6.9,11.4,40.0,6.0,6.12,6.13,5.0,11.0,0.6,251.5
4507,28,4.0,2.6,228.0,81.0,6.9,6.6,10.3,44.0,6.3,6.07,5.72,5.0,17.0,3.2,248.1
4508,25,4.1,2.9,204.0,67.0,6.7,6.2,11.0,58.0,9.0,5.44,5.0,12.0,48.0,6.0,238.3
4509,34,4.2,3.8,205.0,91.0,7.5,6.6,11.8,41.0,6.7,6.5,5.67,1.0,10.0,0.1,217.3
4510,23,3.5,2.6,159.0,62.0,7.0,6.5,11.7,38.0,7.7,5.93,5.48,26.0,26.0,5.7,213.0
4511,28,3.1,3.6,191.0,74.0,6.4,5.4,10.8,48.0,7.3,5.42,4.5,12.0,22.0,4.9,207.6
4512,23,2.7,4.7,148.0,69.0,6.9,5.3,12.3,43.0,8.8,5.62,4.17,24.0,32.0,5.1,194.7
4513,32,3.3,4.9,174.0,70.0,6.9,5.4,12.0,39.0,6.6,5.99,4.55,3.0,14.0,2.0,170.3
4514,30,5.4,3.4,125.0,67.0,7.4,6.9,11.7,19.0,5.1,6.66,6.23,7.0,18.0,5.1,168.6
4515,30,5.9,2.1,108.0,83.0,8.7,9.0,13.1,21.0,6.8,7.78,8.0,11.0,18.0,4.0,169.4
4516,31,4.0,3.4,119.0,77.0,7.0,6.3,11.3,21.0,5.7,6.32,5.62,17.0,26.0,5.2,167.7
4517,28,2.6,2.8,152.0,62.0,6.4,5.7,10.6,38.0,7.0,5.54,4.86,7.0,14.0,2.9,161.3
4518,24,4.6,2.2,128.0,85.0,6.3,6.2,10.6,40.0,8.8,5.03,4.98,4.0,16.0,1.4,158.0
4519,24,2.6,4.0,86.0,73.0,6.6,5.3,11.5,31.0,10.2,5.26,4.09,28.0,93.0,6.9,143.5
4520,34,5.8,0.4,94.0,80.0,8.2,9.1,12.3,11.0,4.7,7.63,8.54,5.0,20.0,5.3,136.1
4521,23,3.6,2.9,89.0,45.0,6.4,5.8,11.0,28.0,8.4,5.43,4.87,18.0,19.0,3.5,133.5
4528,26,5.3,1.5,86.0,73.0,6.4,6.8,10.6,15.0,5.4,5.74,6.1,2.0,23.0,2.1,118.6
4532,32,3.5,2.5,86.0,80.0,6.4,5.9,11.2,16.0,4.8,5.74,5.32,6.0,21.0,7.6,115.3
4542,31,4.3,3.5,83.0,79.0,7.1,6.4,11.8,16.0,5.9,6.38,5.69,3.0,13.0,3.2,108.0
4543,25,2.9,3.8,83.0,47.0,6.9,5.8,10.8,27.0,10.2,5.75,4.75,12.0,19.0,4.4,107.0
4544,32,2.8,3.9,116.0,46.0,6.5,5.3,10.5,21.0,5.5,5.67,4.53,1.0,7.0,4.8,104.8
4546,25,3.6,2.4,76.0,66.0,7.0,6.6,12.8,19.0,7.0,5.73,5.4,6.0,22.0,5.1,103.6
4551,33,3.5,2.1,52.0,70.0,8.6,8.4,15.8,15.0,9.6,7.15,6.93,17.0,61.0,8.5,101.0
4552,25,4.4,2.2,58.0,66.0,6.9,6.8,11.3,16.0,8.0,5.78,5.68,10.0,39.0,6.5,99.7
4569,30,3.4,3.4,81.0,95.0,6.5,5.6,12.3,27.0,9.2,5.28,4.51,2.0,11.0,3.7,89.6
4578,30,3.3,2.9,81.0,81.0,6.9,6.3,11.8,21.0,8.0,5.84,5.25,5.0,16.0,2.8,85.3
4588,24,3.8,3.8,70.0,52.0,7.3,6.4,13.1,6.0,2.8,6.88,5.96,2.0,20.0,2.5,78.6
4598,28,4.0,2.5,112.0,56.0,7.0,6.6,11.2,24.0,10.7,5.61,5.32,7.0,17.0,3.3,72.2
4625,28,2.5,1.9,49.0,57.0,7.0,6.6,11.7,18.0,10.3,5.67,5.35,6.0,8.0,2.2,58.9
4679,28,5.2,3.1,33.0,47.0,6.4,6.0,10.8,6.0,5.9,5.56,5.22,1.0,11.0,2.7,40.2
4700,25,2.6,4.5,42.0,62.0,5.5,4.0,10.5,5.0,3.1,5.14,3.67,2.0,6.0,3.5,33.6
4705,26,1.1,5.6,29.0,52.0,8.0,5.7,13.0,3.0,3.2,7.43,5.23,4.0,19.0,11.0,34.2
4712,25,1.4,2.7,112.0,39.0,5.2,4.2,12.1,8.0,5.2,4.52,3.61,7.0,13.0,4.0,30.4
4740,31,3.9,3.9,19.0,39.0,7.8,6.8,12.1,21.0,6.6,7.8,6.82,1.0,8.0,8.0,20.7
4756,27,2.6,2.6,14.0,48.0,6.5,5.9,9.9,2.0,5.0,5.93,5.3,3.0,29.0,3.7,17.1
4759,30,4.1,2.6,112.0,63.0,7.0,6.6,11.2,21.0,6.6,6.05,5.73,1.0,5.0,0.3,16.1
4780,24,1.2,8.1,23.0,67.0,5.6,2.2,11.5,12.0,12.2,4.22,1.21,7.0,7.0,3.6,12.4
4787,22,1.7,5.1,15.0,59.0,5.2,3.3,11.9,2.0,3.3,4.89,3.0,1.0,14.0,5.7,12.1
4798,25,3.2,3.2,8.0,25.0,5.0,4.2,9.8,4.0,11.4,3.8,3.09,1.0,22.0,7.4,9.9
4856,24,4.1,2.6,112.0,63.0,7.0,6.6,11.2,21.0,6.6,6.05,5.73,5.0,25.0,8.0,6.1
4867,23,4.1,2.6,112.0,63.0,7.0,6.6,11.2,21.0,6.6,6.05,5.73,2.0,4.0,0.7,4.0
4871,33,4.1,4.2,7.0,17.0,5.8,3.9,8.7,4.0,14.3,4.07,2.46,7.0,14.0,3.2,3.6
4877,24,4.1,2.6,112.0,63.0,7.0,6.6,11.2,21.0,6.6,6.05,5.73,7.0,14.0,3.2,3.4
4882,38,4.1,2.6,112.0,63.0,7.0,6.6,11.2,21.0,6.6,6.05,5.73,7.0,-1.0,-1.0,3.0
4896,23,4.1,8.2,17.0,26.0,6.1,2.4,10.0,3.0,5.8,5.31,1.85,7.0,-1.0,-1.0,1.8
4904,27,4.1,2.6,112.0,63.0,7.0,6.6,11.2,21.0,6.6,6.05,5.73,2.0,10.0,2.9,2.0
4931,26,4.1,9.1,7.0,20.0,5.1,1.0,7.5,2.0,8.3,4.42,0.67,7.0,14.0,3.2,0.5
4932,30,4.1,2.6,112.0,63.0,7.0,6.6,11.2,21.0,6.6,6.05,5.73,1.0,2.0,3.2,73.0
4937,33,4.1,2.6,112.0,63.0,7.0,6.6,11.2,21.0,6.6,6.05,5.73,7.0,-1.0,-1.0,-0.2
4938,27,4.1,2.6,112.0,63.0,7.0,6.6,11.2,21.0,6.6,6.05,5.73,7.0,-1.0,-1.0,-0.1
4939,32,4.1,2.6,112.0,63.0,7.0,6.6,11.2,21.0,6.6,6.05,5.73,7.0,-1.0,-1.3,-0.4
4947,31,4.1,2.6,112.0,63.0,7.0,6.6,11.2,21.0,6.6,6.05,5.73,7.0,14.0,-0.8,-0.5
4949,29,4.1,2.6,112.0,63.0,7.0,6.6,11.2,21.0,6.6,6.05,5.73,7.0,14.0,3.2,-1.9
4950,28,4.1,2.6,112.0,63.0,7.0,6.6,11.2,21.0,6.6,6.05,5.73,7.0,14.0,-0.7,-1.9
4961,33,6.4,2.8,266.0,80.0,7.7,7.7,12.3,26.0,3.7,7.17,7.17,2.0,11.0,0.3,345.6
4962,29,7.1,1.4,215.0,73.0,7.8,8.5,11.6,51.0,8.5,6.64,7.33,20.0,27.0,4.8,344.6
4963,35,5.3,1.3,256.0,83.0,7.6,8.1,12.0,27.0,4.1,7.0,7.48,12.0,7.0,1.4,340.3
4971,23,3.9,2.5,171.0,82.0,8.0,7.6,13.8,36.0,6.9,6.96,6.65,52.0,72.0,5.8,323.5
4973,22,5.1,1.3,151.0,88.0,8.1,8.6,12.4,30.0,7.1,7.05,7.47,45.0,76.0,6.8,317.5
4978,36,6.3,1.9,231.0,71.0,8.0,8.4,11.6,21.0,3.5,7.49,7.89,2.0,10.0,0.3,311.0
4983,27,5.2,2.3,248.0,80.0,7.7,7.7,11.2,28.0,4.4,7.01,7.03,8.0,16.0,4.1,304.9
5002,32,4.3,2.9,232.0,85.0,7.6,7.1,11.5,36.0,5.3,6.78,6.35,6.0,15.0,1.6,279.9
5003,24,6.6,2.5,153.0,67.0,7.9,8.1,12.4,33.0,7.7,6.84,7.01,29.0,25.0,5.2,277.6
5005,23,3.7,2.9,208.0,70.0,7.0,6.4,12.9,41.0,6.1,6.18,5.66,24.0,19.0,4.1,276.5
5006,24,2.8,2.3,267.0,57.0,6.8,6.3,11.4,29.0,3.8,6.29,5.81,12.0,11.0,3.6,276.6
5026,25,5.1,3.0,172.0,59.0,6.9,6.6,11.2,46.0,8.0,5.99,5.68,14.0,17.0,2.6,250.8
5029,24,4.8,3.0,186.0,95.0,7.3,6.9,13.3,26.0,4.5,6.68,6.3,16.0,13.0,3.6,248.5
5030,27,4.1,1.9,178.0,61.0,7.2,7.2,12.0,35.0,6.2,6.34,6.33,11.0,16.0,0.7,234.9
5031,31,4.9,2.8,187.0,80.0,7.4,7.1,12.3,19.0,3.4,6.87,6.59,2.0,13.0,1.5,232.9
5032,25,3.8,2.4,185.0,80.0,6.7,6.4,11.3,35.0,6.0,5.92,5.64,8.0,21.0,3.4,230.5
5033,31,4.0,2.2,203.0,60.0,7.4,7.2,11.5,27.0,4.7,6.64,6.47,7.0,8.0,-0.4,225.8
5034,33,3.9,2.5,188.0,64.0,7.1,6.8,11.6,26.0,4.4,6.46,6.14,7.0,9.0,2.0,224.3
5035,30,5.8,1.8,167.0,82.0,7.3,7.6,11.5,30.0,6.3,6.44,6.77,5.0,14.0,3.5,223.8
5036,30,4.8,3.2,175.0,68.0,6.7,6.3,11.1,30.0,5.6,6.05,5.61,9.0,20.0,4.1,213.7
5037,31,4.9,2.8,184.0,80.0,6.8,6.5,10.7,49.0,8.5,5.72,5.45,2.0,11.0,1.5,208.2
5038,24,3.7,2.5,166.0,65.0,6.1,5.7,9.8,32.0,6.2,5.34,4.99,12.0,29.0,4.2,194.2
5039,29,4.4,3.2,152.0,60.0,7.0,6.4,11.9,38.0,8.1,5.9,5.37,15.0,24.0,5.7,184.6
5040,24,2.5,2.7,151.0,80.0,6.8,6.1,11.7,35.0,6.7,5.9,5.23,16.0,31.0,4.3,182.9
5041,25,4.6,1.4,86.0,57.0,8.3,8.6,13.3,16.0,6.8,7.27,7.55,20.0,50.0,6.6,174.1
5042,29,2.7,3.3,169.0,71.0,6.5,5.6,11.4,28.0,5.1,5.87,4.98,12.0,25.0,4.1,165.6
5043,32,3.4,2.8,115.0,77.0,6.7,6.1,11.6,28.0,7.4,5.83,5.27,20.0,20.0,5.4,151.7
5044,24,3.2,3.5,94.0,71.0,6.9,6.0,12.3,25.0,7.4,5.97,5.1,14.0,32.0,7.1,132.1
5045,28,6.0,2.3,87.0,55.0,8.0,8.1,11.4,24.0,9.9,6.61,6.76,6.0,24.0,4.3,122.7
5048,26,2.9,4.0,146.0,66.0,6.4,5.2,11.7,34.0,7.0,5.49,4.36,3.0,8.0,1.3,118.1
5052,27,3.6,3.6,86.0,81.0,6.8,5.9,12.6,28.0,8.3,5.7,4.88,6.0,15.0,3.4,114.2
5076,23,3.2,2.2,72.0,80.0,6.0,5.7,10.3,22.0,7.3,5.01,4.71,7.0,10.0,3.1,94.1
5089,23,2.3,1.9,78.0,46.0,6.4,6.0,10.6,20.0,7.0,5.5,5.13,6.0,14.0,3.8,86.2
5091,28,4.4,1.6,63.0,46.0,6.4,6.5,10.7,27.0,12.9,4.81,4.93,7.0,22.0,6.3,84.8
5105,30,2.2,4.3,97.0,46.0,6.5,5.0,11.2,19.0,6.4,5.73,4.31,12.0,21.0,5.4,78.3
5110,37,3.2,2.3,71.0,37.0,6.2,5.8,9.9,14.0,6.0,5.38,5.02,2.0,16.0,2.9,76.5
5172,23,4.1,2.6,112.0,63.0,7.0,6.6,11.2,21.0,6.6,6.05,5.73,2.0,7.0,3.0,63.8
5179,28,1.0,4.1,49.0,57.0,5.8,4.2,10.2,21.0,9.6,4.67,3.2,2.0,12.0,3.5,44.2
5211,24,8.3,6.3,20.0,77.0,9.7,8.6,14.1,3.0,5.9,8.61,7.53,1.0,17.0,7.3,32.8
5222,24,1.0,4.5,55.0,40.0,5.6,3.8,10.4,15.0,6.9,4.79,3.1,1.0,2.0,1.3,31.8
5245,23,6.7,3.3,9.0,38.0,5.2,5.0,11.1,21.0,6.6,5.17,5.0,4.0,9.0,5.1,26.5
5282,32,4.1,1.9,13.0,37.0,5.1,4.3,10.9,3.0,5.4,4.43,3.63,1.0,31.0,31.0,18.0
5283,23,4.1,3.4,8.0,25.0,6.2,4.6,10.5,3.0,9.4,4.66,3.25,5.0,28.0,5.2,18.5
5284,31,3.9,3.9,10.0,45.0,5.2,4.2,8.3,6.0,10.5,3.79,2.91,1.0,13.0,4.0,17.4
5289,38,1.4,5.7,22.0,43.0,6.8,4.5,10.6,3.0,4.1,6.34,4.15,7.0,14.0,3.2,15.0
5291,32,4.1,2.6,112.0,63.0,7.0,6.6,11.2,21.0,6.6,6.05,5.73,7.0,-1.0,-1.0,14.8
5298,27,1.9,3.8,12.0,53.0,6.2,4.9,11.0,4.0,7.0,5.26,4.04,1.0,6.0,6.0,13.8
5309,23,4.1,4.1,39.0,28.0,4.4,2.6,8.4,12.0,6.6,3.61,1.89,1.0,8.0,1.8,12.8
5316,24,3.2,3.2,13.0,30.0,6.9,6.1,11.3,11.0,26.2,3.4,2.81,3.0,15.0,3.8,11.6
5332,27,3.1,3.1,12.0,23.0,6.4,5.6,9.3,3.0,8.6,5.43,4.71,7.0,3.0,3.0,10.5
5334,30,4.1,2.6,112.0,63.0,7.0,6.6,11.2,21.0,6.6,6.05,5.73,7.0,14.0,3.2,9.6
5343,26,4.1,2.6,112.0,63.0,7.0,6.6,11.2,21.0,6.6,6.05,5.73,2.0,15.0,3.8,8.7
5344,28,4.1,2.6,112.0,63.0,7.0,6.6,11.2,21.0,6.6,6.05,5.73,7.0,1.0,-0.6,8.9
5405,29,4.1,3.0,7.0,20.0,3.5,2.1,7.2,1.0,2.9,3.12,1.79,7.0,14.0,3.2,2.6
5412,25,4.1,2.6,112.0,63.0,7.0,6.6,11.2,21.0,6.6,6.05,5.73,1.0,1.0,-0.5,3.4
5413,29,4.1,2.6,112.0,63.0,7.0,6.6,11.2,21.0,6.6,6.05,5.73,7.0,14.0,3.2,2.3
5415,26,4.1,2.6,112.0,63.0,7.0,6.6,11.2,21.0,6.6,6.05,5.73,1.0,19.0,5.7,2.1
5417,27,4.1,2.6,112.0,63.0,7.0,6.6,11.2,21.0,6.6,6.05,5.73,7.0,-1.0,-1.3,2.2
5419,29,4.1,2.6,112.0,63.0,7.0,6.6,11.2,21.0,6.6,6.05,5.73,7.0,14.0,-0.5,2.4
5424,29,4.1,2.6,112.0,63.0,7.0,6.6,11.2,21.0,6.6,6.05,5.73,7.0,14.0,3.2,2.0
5437,29,4.1,2.6,112.0,63.0,7.0,6.6,11.2,21.0,6.6,6.05,5.73,7.0,14.0,3.2,0.6
5458,25,4.1,2.6,112.0,63.0,7.0,6.6,11.2,21.0,6.6,6.05,5.73,7.0,14.0,3.2,1.4
5463,28,4.1,2.6,112.0,63.0,7.0,6.6,11.2,21.0,6.6,6.05,5.73,7.0,-1.0,-1.0,1.1
5468,33,4.1,2.6,112.0,63.0,7.0,6.6,11.2,21.0,6.6,6.05,5.73,7.0,-1.0,-1.0,0.5
5469,29,4.1,2.6,112.0,63.0,7.0,6.6,11.2,21.0,6.6,6.05,5.73,1.0,5.0,2.5,0.1
5472,31,4.1,2.6,112.0,63.0,7.0,6.6,11.2,21.0,6.6,6.05,5.73,7.0,-1.0,-1.5,-0.3
5478,26,4.1,2.6,112.0,63.0,7.0,6.6,11.2,21.0,6.6,6.05,5.73,7.0,-1.0,-1.0,-0.1
5481,22,4.1,2.6,112.0,63.0,7.0,6.6,11.2,21.0,6.6,6.05,5.73,7.0,-1.0,-1.6,-0.8
5482,27,4.1,2.6,112.0,63.0,7.0,6.6,11.2,21.0,6.6,6.05,5.73,7.0,14.0,-0.8,-1.5
5483,24,4.1,2.6,112.0,63.0,7.0,6.6,11.2,21.0,6.6,6.05,5.73,7.0,-1.0,-1.1,-2.2
