,Year,Age,Passing_TD%,Passing_Int%,Passing_Lng,Passing_Y/A,Passing_AY/A,Passing_Y/C,Passing_Sk%,Passing_NY/A,Passing_ANY/A,Rushing_Lng,Rushing_Y/A_y,Fantasy_PPR
3,2021,25,5.6,2.3,61.0,6.8,6.9,10.8,3.9,6.31,6.38,34.0,6.3,402.6
5,2021,23,5.7,2.2,72.0,7.5,7.6,11.3,4.4,6.83,6.95,36.0,4.8,380.8
6,2021,44,6.0,1.7,62.0,7.4,7.8,11.0,3.0,6.98,7.41,13.0,2.9,374.7
12,2021,26,5.6,2.0,75.0,7.4,7.6,11.1,4.1,6.84,7.07,32.0,5.8,361.7
17,2021,38,7.0,0.8,75.0,7.7,8.8,11.2,5.3,7.0,8.0,18.0,3.1,333.3
19,2021,33,6.8,2.8,79.0,8.1,8.2,12.1,4.8,7.36,7.45,12.0,1.3,329.7
22,2021,28,6.2,1.7,51.0,7.5,8.0,10.9,4.8,6.88,7.34,21.0,3.0,320.6
28,2021,25,6.5,2.7,82.0,8.9,9.0,12.6,8.9,7.43,7.51,12.0,3.0,314.2
30,2021,23,3.7,2.1,91.0,7.3,7.1,11.9,5.7,6.54,6.35,31.0,5.6,312.2
39,2021,24,5.0,2.1,77.0,7.9,7.9,11.4,6.1,6.84,6.9,57.0,4.8,300.5
40,2021,33,5.9,1.2,64.0,7.5,8.1,11.3,4.8,6.83,7.42,29.0,4.0,300.3
75,2021,33,4.0,2.6,57.0,7.0,6.6,10.5,8.1,5.89,5.53,28.0,4.9,268.4
76,2021,29,5.2,1.4,76.0,6.9,7.3,11.1,5.8,6.09,6.5,18.0,3.8,258.0
77,2021,30,3.7,2.2,61.0,7.7,7.4,11.2,6.0,6.85,6.6,22.0,2.7,257.0
78,2021,33,6.3,1.5,69.0,7.8,8.4,12.0,7.6,6.58,7.11,17.0,4.3,242.8
79,2021,24,4.2,3.4,49.0,7.5,6.9,11.7,9.0,6.41,5.78,31.0,5.8,240.0
80,2021,30,4.5,2.7,83.0,8.6,8.3,12.7,6.2,7.68,7.38,7.0,1.3,227.5
81,2021,23,4.2,2.5,75.0,7.3,7.0,10.8,5.1,6.48,6.22,13.0,2.9,224.9
82,2021,36,3.6,2.1,64.0,7.1,6.8,10.6,6.7,6.16,5.92,17.0,2.1,222.9
83,2021,28,4.0,3.0,73.0,6.9,6.4,10.7,7.1,5.9,5.39,38.0,5.2,222.9
84,2021,39,3.6,1.7,59.0,6.2,6.2,9.6,5.9,5.44,5.43,8.0,0.3,218.1
85,2021,29,4.2,1.6,64.0,7.2,7.3,10.7,6.8,6.22,6.32,13.0,3.5,202.7
86,2021,22,2.0,2.8,58.0,6.0,5.2,10.1,5.0,5.37,4.54,26.0,4.6,199.0
87,2021,27,3.8,1.6,63.0,6.6,6.6,9.8,6.6,5.6,5.64,26.0,5.1,194.5
88,2021,26,4.1,3.1,71.0,7.2,6.6,11.9,9.3,5.95,5.41,14.0,3.6,180.9
89,2021,23,4.1,2.6,65.0,6.8,6.5,10.1,4.9,6.13,5.81,23.0,3.0,180.9
90,2021,24,2.8,1.9,54.0,6.7,6.4,10.5,5.7,5.92,5.62,46.0,4.8,167.5
91,2021,24,2.2,3.2,63.0,6.2,5.2,10.4,7.9,5.27,4.35,30.0,4.6,157.3
92,2021,23,4.1,2.5,67.0,6.8,6.4,10.1,7.3,5.78,5.48,11.0,2.4,157.0
93,2021,22,2.3,2.9,54.0,6.1,5.3,11.0,10.3,4.6,3.86,52.0,6.4,151.9
96,2021,22,2.6,3.7,64.0,6.9,5.8,11.8,11.8,5.25,4.24,23.0,5.8,126.8
103,2021,31,3.0,3.7,70.0,7.3,6.2,12.5,6.3,6.39,5.38,44.0,5.3,121.7
106,2021,27,8.7,1.9,72.0,7.3,8.2,12.3,6.4,6.4,7.24,20.0,5.2,117.4
141,2021,30,5.9,1.6,46.0,6.1,6.6,10.7,4.6,5.53,5.96,17.0,2.2,90.2
145,2021,32,3.2,4.0,64.0,5.4,4.3,9.9,7.4,4.42,3.35,33.0,4.9,86.4
153,2021,34,3.4,3.8,60.0,6.4,5.4,10.2,7.1,5.4,4.44,14.0,4.8,84.2
157,2021,23,1.6,2.1,43.0,5.8,5.1,8.9,8.7,4.73,4.15,21.0,6.3,82.6
162,2021,32,3.3,3.3,52.0,6.4,5.6,10.6,8.0,5.2,4.43,30.0,7.9,81.7
177,2021,29,2.2,1.8,52.0,5.7,5.3,9.1,7.8,4.72,4.39,19.0,3.7,72.3
187,2021,21,7.0,2.8,76.0,8.5,8.6,14.7,5.3,7.84,7.97,15.0,4.4,64.9
216,2021,31,5.3,1.1,84.0,7.4,8.0,10.8,12.0,5.42,5.93,12.0,4.7,54.3
224,2021,25,1.8,1.8,44.0,7.1,6.6,11.7,7.5,6.13,5.71,23.0,5.3,51.9
236,2021,35,5.9,2.4,28.0,7.5,7.6,11.2,3.4,6.99,7.1,11.0,3.1,46.3
246,2021,26,3.8,6.1,28.0,7.2,5.3,10.8,2.9,6.88,4.96,2.0,-0.2,44.0
259,2021,35,3.0,1.0,50.0,7.5,7.6,10.0,5.7,6.67,6.81,11.0,1.7,41.3
294,2021,25,6.7,1.7,36.0,7.3,7.9,10.7,7.7,6.28,6.82,9.0,2.3,33.7
306,2021,32,2.4,6.0,60.0,4.7,2.5,8.8,5.1,4.1,2.0,13.0,4.7,30.9
311,2021,33,4.2,1.4,34.0,6.4,6.6,9.8,6.5,5.62,5.82,10.0,1.8,28.7
325,2021,27,3.2,6.4,42.0,5.6,3.4,8.6,6.6,5.6,3.36,14.0,6.5,24.3
326,2021,36,7.1,2.6,62.0,8.0,9.5,12.5,4.5,7.39,8.75,2.0,1.5,23.8
328,2021,28,6.4,2.1,73.0,9.0,9.3,14.1,6.0,8.06,8.36,2.0,-0.9,24.1
346,2021,23,3.2,4.8,62.0,6.6,5.1,11.4,4.6,5.97,4.51,10.0,2.3,21.1
360,2021,26,1.7,1.7,36.0,4.8,4.3,7.9,6.6,4.78,4.34,26.0,10.6,18.4
362,2021,32,2.9,2.6,30.0,7.1,7.7,10.4,10.3,5.87,6.38,8.0,2.0,16.8
377,2021,28,4.1,2.6,63.0,7.0,6.6,11.2,6.6,6.05,5.73,31.0,6.7,14.9
383,2021,29,5.9,2.6,26.0,4.4,5.6,8.8,10.5,3.05,4.11,3.0,-0.1,13.9
387,2021,26,1.5,4.5,24.0,5.5,3.7,10.1,9.6,4.32,2.74,13.0,1.9,13.8
390,2021,29,2.8,2.6,30.0,5.3,5.8,8.6,5.3,4.58,5.11,11.0,7.0,13.0
398,2021,36,4.1,2.6,63.0,7.0,6.6,11.2,6.6,6.05,5.73,2.0,-0.7,12.3
406,2021,23,1.7,5.0,36.0,3.5,1.6,7.8,9.1,2.68,0.94,27.0,8.1,10.9
423,2021,26,3.3,2.6,25.0,4.9,5.6,7.4,6.6,4.9,5.57,14.0,3.2,9.9
435,2021,25,4.1,2.6,63.0,7.0,6.6,11.2,6.6,6.05,5.73,11.0,5.5,7.9
437,2021,30,4.1,2.6,46.0,6.3,6.3,9.7,6.1,5.27,5.27,14.0,3.2,7.8
442,2021,27,4.1,2.6,63.0,7.0,6.6,11.2,6.6,6.05,5.73,22.0,1.8,8.1
492,2021,36,4.1,2.6,63.0,7.0,6.6,11.2,6.6,6.05,5.73,4.0,3.2,3.3
510,2021,28,4.1,2.6,63.0,7.0,6.6,11.2,6.6,6.05,5.73,2.0,2.0,1.5
512,2021,23,4.1,10.0,56.0,6.8,2.3,11.3,28.6,2.89,-0.32,3.0,2.0,2.0
516,2021,32,4.1,2.6,63.0,7.0,6.6,11.2,6.6,6.05,5.73,14.0,-0.8,2.0
529,2021,26,4.1,2.6,63.0,7.0,6.6,11.2,6.6,6.05,5.73,4.0,2.0,2.0
535,2021,26,4.1,2.6,63.0,7.0,6.6,11.2,6.6,6.05,5.73,6.0,6.0,0.6
542,2021,23,4.1,2.6,63.0,7.0,6.6,11.2,6.6,6.05,5.73,9.0,3.0,0.9
543,2021,39,4.1,2.6,63.0,7.0,6.6,11.2,6.6,6.05,5.73,2.0,2.0,0.7
572,2021,26,4.1,2.6,63.0,7.0,6.6,11.2,6.6,6.05,5.73,14.0,-0.5,-0.1
575,2021,35,4.1,2.6,63.0,7.0,6.6,11.2,6.6,6.05,5.73,-1.0,-1.0,-0.2
580,2021,22,4.1,2.6,63.0,7.0,6.6,11.2,6.6,6.05,5.73,14.0,3.2,0.2
582,2021,27,4.1,2.6,63.0,7.0,6.6,11.2,6.6,6.05,5.73,1.0,1.0,0.2
583,2021,25,4.1,2.6,63.0,7.0,6.6,11.2,6.6,6.05,5.73,14.0,3.2,73.0
584,2021,26,4.1,2.6,63.0,7.0,6.6,11.2,6.6,6.05,5.73,-1.0,-1.5,-0.3
587,2021,24,4.1,2.6,63.0,7.0,6.6,11.2,6.6,6.05,5.73,14.0,3.2,-1.0
588,2021,24,4.1,2.6,63.0,7.0,6.6,11.2,6.6,6.05,5.73,4.0,2.0,-1.4
591,2021,26,4.1,2.6,63.0,7.0,6.6,11.2,6.6,6.05,5.73,-1.0,-1.0,-0.6
593,2021,26,4.1,2.6,63.0,7.0,6.6,11.2,6.6,6.05,5.73,14.0,-0.5,-1.9
594,2021,24,4.1,2.6,63.0,7.0,6.6,11.2,6.6,6.05,5.73,14.0,3.2,-3.2
602,2020,24,6.5,1.7,55.0,7.9,8.5,11.5,4.3,7.33,7.82,24.0,4.1,396.1
603,2020,37,9.1,1.0,78.0,8.2,9.6,11.6,3.7,7.54,8.89,14.0,3.9,383.3
604,2020,23,4.7,2.2,80.0,7.1,7.1,10.6,4.6,6.49,6.45,48.0,6.2,378.7
605,2020,25,6.5,1.0,75.0,8.1,8.9,12.2,3.6,7.53,8.33,24.0,5.0,374.4
606,2020,25,6.1,1.3,77.0,8.9,9.5,12.6,8.3,7.64,8.22,16.0,4.9,369.3
611,2020,32,7.2,2.3,62.0,7.5,7.9,11.0,7.8,6.46,6.82,38.0,6.2,359.8
618,2020,32,6.9,1.5,75.0,7.9,8.7,12.1,4.8,7.22,7.9,45.0,6.2,344.4
620,2020,43,6.6,2.0,50.0,7.6,8.0,11.6,3.3,7.12,7.53,4.0,0.2,337.9
624,2020,22,5.2,1.7,72.0,7.3,7.6,10.9,5.1,6.57,6.84,31.0,4.3,332.8
625,2020,23,6.9,2.4,47.0,7.3,7.6,11.4,7.2,6.41,6.7,50.0,6.3,332.8
640,2020,32,6.8,2.5,71.0,8.3,8.5,12.2,7.0,7.22,7.43,16.0,4.9,306.2
670,2020,35,4.2,1.8,63.0,7.3,7.4,11.3,6.1,6.48,6.52,16.0,3.2,282.4
673,2020,29,5.2,1.7,85.0,7.9,8.2,11.8,4.8,7.28,7.53,18.0,3.6,272.1
674,2020,38,5.4,1.6,84.0,6.3,6.6,9.5,2.1,5.93,6.27,11.0,0.4,267.2
675,2020,32,4.9,1.9,73.0,7.7,7.9,12.0,6.7,6.77,6.89,17.0,3.9,260.6
676,2020,31,2.2,2.7,50.0,7.2,6.4,11.0,7.8,6.17,5.44,49.0,4.3,261.0
677,2020,25,5.3,1.6,75.0,7.3,7.7,11.7,5.1,6.64,6.96,28.0,3.1,248.6
678,2020,28,3.0,2.2,75.0,7.6,7.2,11.0,5.9,6.75,6.37,18.0,5.3,241.2
679,2020,26,3.6,2.4,56.0,7.2,6.8,10.7,4.0,6.59,6.27,10.0,1.9,240.0
680,2020,39,4.4,2.0,55.0,7.7,7.7,11.3,3.4,7.21,7.18,3.0,-0.4,240.0
681,2020,41,6.2,1.5,52.0,7.5,8.1,10.7,3.2,7.08,7.6,3.0,-0.1,209.5
682,2020,28,3.7,3.4,59.0,6.0,5.2,10.4,10.3,4.71,3.98,40.0,5.3,198.4
683,2020,24,3.6,3.4,92.0,6.6,5.8,11.5,4.1,6.08,5.31,16.0,3.6,181.3
684,2020,23,2.5,2.2,53.0,6.6,6.1,10.5,9.1,5.39,4.92,80.0,6.5,180.0
685,2020,24,3.2,1.2,67.0,6.7,6.7,10.2,7.3,5.64,5.72,23.0,3.8,173.7
686,2020,24,4.9,1.5,51.0,6.9,7.2,10.5,7.6,5.97,6.23,16.0,5.3,160.7
687,2020,26,5.4,2.7,53.0,6.9,6.8,10.3,5.7,6.13,6.0,45.0,5.9,153.7
688,2020,38,4.9,3.0,70.0,7.8,7.5,11.4,5.0,7.21,6.85,17.0,5.0,153.7
689,2020,30,3.3,1.7,44.0,7.7,7.6,10.5,10.4,6.23,6.16,43.0,5.3,156.6
690,2020,33,4.2,2.4,69.0,6.5,6.3,10.0,6.7,5.56,5.34,13.0,4.1,136.9
691,2020,27,4.1,1.8,58.0,8.4,8.4,12.3,4.3,7.72,7.72,12.0,5.2,135.6
692,2020,22,3.8,1.7,35.0,6.3,6.2,9.8,6.5,5.41,5.4,17.0,3.0,135.5
693,2020,23,2.5,3.0,69.0,6.1,5.2,10.2,8.8,4.95,4.16,46.0,5.9,134.0
704,2020,25,3.7,3.7,49.0,7.5,6.6,11.5,5.5,6.66,5.79,7.0,0.9,116.3
718,2020,22,4.1,2.7,81.0,7.2,6.8,13.8,8.1,6.22,5.85,24.0,5.6,109.1
722,2020,31,3.2,2.6,50.0,5.9,5.4,9.2,5.5,5.17,4.69,7.0,0.1,104.2
768,2020,36,2.4,3.2,68.0,6.3,5.3,9.4,8.0,5.27,4.39,5.0,0.3,71.6
782,2020,23,2.1,2.9,50.0,6.0,5.1,9.7,7.7,4.97,4.15,19.0,2.3,68.2
792,2020,29,5.0,3.6,76.0,7.8,7.2,11.7,7.3,6.75,6.19,9.0,2.5,64.3
797,2020,31,3.9,2.8,46.0,6.0,5.5,9.7,4.8,5.42,4.97,4.0,2.8,60.6
816,2020,35,4.5,2.2,52.0,6.4,6.3,11.7,5.0,5.64,5.53,9.0,3.7,54.8
821,2020,27,5.8,2.6,49.0,7.6,8.7,11.9,8.0,6.34,7.4,17.0,4.7,52.3
827,2020,28,3.5,2.8,72.0,6.5,6.0,10.3,4.7,5.87,5.33,4.0,2.1,49.7
843,2020,24,4.6,1.1,52.0,7.0,7.4,10.2,7.4,6.02,6.39,13.0,3.7,45.0
888,2020,27,4.7,3.1,45.0,6.8,6.3,12.3,14.7,4.45,4.05,9.0,4.7,30.1
902,2020,24,1.8,5.5,73.0,5.7,3.6,10.4,6.0,4.89,2.92,13.0,13.0,28.3
910,2020,27,3.6,3.6,35.0,8.1,7.2,13.3,6.6,8.07,7.18,26.0,9.8,25.8
919,2020,35,5.3,2.6,37.0,6.5,7.6,8.9,5.0,6.1,7.1,1.0,-0.3,23.7
928,2020,28,4.1,2.6,63.0,7.0,6.6,11.2,6.6,6.05,5.73,5.0,1.1,20.6
937,2020,26,3.1,6.3,30.0,5.1,2.9,9.6,22.0,2.46,0.76,23.0,6.0,19.2
947,2020,34,1.5,1.5,35.0,5.7,5.3,9.4,7.0,4.94,4.59,4.0,1.3,18.2
951,2020,25,4.7,2.3,47.0,7.5,7.4,13.0,2.3,7.18,7.07,1.0,-0.9,18.4
976,2020,31,4.1,2.6,63.0,7.0,6.6,11.2,6.6,6.05,5.73,16.0,1.8,15.3
977,2020,29,2.6,2.6,32.0,6.4,5.7,11.6,5.0,5.5,4.88,15.0,9.3,14.5
992,2020,24,4.5,6.8,38.0,5.8,3.7,11.6,8.3,4.9,2.92,6.0,1.0,12.9
993,2020,25,4.1,2.6,38.0,6.1,4.9,10.5,5.0,5.58,4.45,14.0,9.3,12.8
995,2020,34,2.3,4.7,28.0,6.1,4.5,9.1,6.5,5.11,3.59,11.0,8.0,12.2
996,2020,27,4.1,2.6,63.0,7.0,6.6,11.2,6.6,6.05,5.73,12.0,7.3,11.7
1009,2020,24,5.0,10.0,48.0,7.4,3.9,10.9,2.4,7.2,3.78,-1.0,-1.0,11.3
1019,2020,30,4.8,4.8,56.0,9.4,8.2,17.9,4.5,8.64,7.5,-1.0,-1.0,9.3
1027,2020,25,4.1,2.6,63.0,7.0,6.6,11.2,6.6,6.05,5.73,9.0,3.4,9.3
1031,2020,31,4.1,2.6,37.0,6.9,6.9,13.0,6.3,6.47,6.47,4.0,1.2,9.0
1032,2020,25,1.8,8.9,52.0,6.6,2.9,11.5,6.7,5.62,2.2,2.0,-0.4,8.5
1039,2020,25,4.1,2.6,63.0,7.0,6.6,11.2,6.6,6.05,5.73,12.0,3.8,7.7
1041,2020,24,4.1,2.6,32.0,5.1,5.1,9.5,14.0,2.92,2.92,10.0,3.7,7.0
1094,2020,30,4.1,2.6,63.0,7.0,6.6,11.2,6.6,6.05,5.73,39.0,5.8,2.6
1095,2020,22,4.1,2.6,63.0,7.0,6.6,11.2,6.6,6.05,5.73,19.0,2.3,2.9
1103,2020,25,4.1,2.6,63.0,7.0,6.6,11.2,6.6,6.05,5.73,18.0,18.0,1.8
1106,2020,25,4.1,2.6,63.0,7.0,6.6,11.2,6.6,6.05,5.73,13.0,10.0,2.1
1110,2020,35,4.1,4.2,25.0,5.4,3.5,8.7,7.7,4.31,2.58,8.0,8.0,2.0
1113,2020,32,4.1,2.6,63.0,7.0,6.6,11.2,6.6,6.05,5.73,14.0,3.2,1.8
1118,2020,26,4.1,2.6,63.0,7.0,6.6,11.2,6.6,6.05,5.73,9.0,9.0,1.9
1123,2020,24,4.1,2.6,63.0,7.0,6.6,11.2,6.6,6.05,5.73,10.0,6.0,2.4
1125,2020,26,4.1,2.6,63.0,7.0,6.6,11.2,6.6,6.05,5.73,3.0,-0.8,2.4
1127,2020,29,4.1,2.6,63.0,7.0,6.6,11.2,6.6,6.05,5.73,14.0,3.2,0.7
1145,2020,30,4.1,2.6,63.0,7.0,6.6,11.2,6.6,6.05,5.73,14.0,3.2,0.8
1150,2020,30,4.1,2.6,63.0,7.0,6.6,11.2,6.6,6.05,5.73,14.0,-1.0,1.1
1157,2020,25,4.1,2.6,63.0,7.0,6.6,11.2,6.6,6.05,5.73,18.0,1.4,1.3
1165,2020,39,4.1,2.6,63.0,7.0,6.6,11.2,6.6,6.05,5.73,-1.0,-1.3,-0.4
1166,2020,25,4.1,2.6,63.0,7.0,6.6,11.2,6.6,6.05,5.73,-2.0,-2.0,73.0
1167,2020,26,4.1,2.6,63.0,7.0,6.6,11.2,6.6,6.05,5.73,14.0,-0.7,-0.9
1171,2020,27,4.1,2.6,63.0,7.0,6.6,11.2,6.6,6.05,5.73,12.0,6.0,-1.5
1175,2019,22,9.0,1.5,83.0,7.8,8.9,11.8,5.4,7.13,8.19,47.0,6.9,415.7
1185,2019,26,5.0,1.8,62.0,8.2,8.4,12.6,3.7,7.68,7.84,42.0,5.3,337.8
1187,2019,31,6.0,1.0,60.0,8.0,8.7,12.1,8.5,6.72,7.42,21.0,4.6,328.6
1190,2019,24,5.3,2.4,54.0,7.8,7.7,11.6,8.2,6.67,6.63,30.0,5.0,321.0
1203,2019,25,5.3,4.8,71.0,8.2,7.1,13.4,7.0,7.17,6.15,26.0,4.2,305.4
1217,2019,23,4.3,2.0,53.0,6.7,6.7,11.4,7.6,5.72,5.71,36.0,4.7,288.6
1221,2019,24,5.4,1.0,83.0,8.3,8.9,12.6,3.4,7.79,8.38,25.0,5.1,287.0
1223,2019,22,3.7,2.2,88.0,6.9,6.6,10.7,8.1,5.78,5.55,35.0,5.8,285.3
1229,2019,36,4.6,0.7,74.0,7.0,7.6,11.3,6.0,6.15,6.71,17.0,4.0,278.4
1233,2019,27,4.4,1.2,53.0,6.7,7.0,10.4,5.7,5.91,6.26,19.0,3.9,275.9
1242,2019,34,4.2,2.3,93.0,7.3,7.1,10.9,7.2,6.25,6.08,12.0,4.3,267.3
1250,2019,42,3.9,1.3,59.0,6.6,6.8,10.9,4.2,6.05,6.24,17.0,1.3,263.7
1251,2019,25,3.5,2.6,66.0,7.4,7.0,11.8,3.4,6.9,6.46,8.0,1.2,247.5
1252,2019,28,5.7,2.7,75.0,8.4,8.3,12.1,7.0,7.31,7.22,11.0,1.3,247.3
1253,2019,28,4.1,1.6,75.0,7.9,8.0,11.2,5.4,7.14,7.25,15.0,3.0,244.4
1254,2019,31,5.9,1.4,66.0,8.1,8.7,11.7,5.9,7.2,7.73,14.0,2.0,244.4
1255,2019,37,4.0,2.6,51.0,7.0,6.7,11.3,7.4,6.13,5.78,20.0,4.5,241.5
1256,2019,38,3.9,3.4,84.0,7.8,7.1,11.8,5.4,7.03,6.32,12.0,2.4,235.5
1257,2019,24,4.1,3.9,89.0,7.2,6.2,12.1,7.0,6.17,5.29,18.0,5.0,229.2
1258,2019,23,4.5,1.3,70.0,7.0,7.3,11.5,6.6,6.14,6.44,21.0,5.1,229.2
1259,2019,40,7.1,1.1,61.0,7.9,8.8,10.6,3.1,7.41,8.33,2.0,-0.4,224.8
1260,2019,31,7.7,2.1,91.0,9.6,10.2,13.6,9.8,7.98,8.52,25.0,4.3,224.2
1261,2019,27,4.0,1.3,50.0,6.6,6.8,10.8,5.7,5.87,6.06,24.0,4.1,217.7
1262,2019,22,5.2,2.6,75.0,6.6,6.5,10.7,7.6,5.5,5.38,26.0,6.2,215.0
1263,2019,32,3.0,2.7,66.0,6.6,6.0,11.1,6.5,5.74,5.19,17.0,2.3,203.7
1264,2019,25,3.3,1.9,53.0,6.1,5.9,9.6,6.9,5.24,5.04,23.0,4.0,202.8
1265,2019,22,4.3,2.9,92.0,6.9,6.4,11.1,7.0,5.93,5.5,24.0,1.9,189.2
1266,2019,23,3.5,3.3,52.0,6.8,6.0,11.0,8.6,5.47,4.76,17.0,3.3,177.5
1267,2019,31,6.5,1.7,66.0,8.6,9.1,13.4,5.8,7.64,8.15,12.0,3.3,166.6
1288,2019,24,4.6,3.2,76.0,6.2,5.7,10.0,5.0,5.51,5.02,13.0,2.0,108.8
1292,2019,31,4.5,2.0,69.0,6.9,6.9,10.7,5.7,5.96,5.94,9.0,1.3,103.5
1307,2019,27,4.6,1.0,45.0,7.1,7.5,10.4,5.8,6.23,6.66,11.0,1.1,90.5
1313,2019,34,2.3,1.9,70.0,7.0,6.6,10.7,9.0,5.65,5.29,9.0,1.7,84.9
1315,2019,26,4.4,1.3,75.0,7.5,7.8,12.7,13.5,5.63,5.9,15.0,5.4,85.0
1320,2019,29,4.1,2.6,63.0,7.0,6.6,11.2,6.6,6.05,5.73,30.0,5.8,102.2
1326,2019,22,3.4,3.4,75.0,6.7,5.9,11.5,12.5,5.0,4.25,23.0,5.1,76.7
1349,2019,23,4.5,1.9,48.0,6.5,6.6,10.2,3.1,6.17,6.2,12.0,4.0,68.0
1365,2019,26,3.8,3.8,47.0,6.5,5.6,11.0,9.5,5.51,4.65,23.0,6.9,58.1
1377,2019,24,2.3,3.4,75.0,5.7,4.6,10.5,7.4,4.68,3.67,9.0,3.9,55.4
1378,2019,38,4.1,3.4,55.0,7.1,6.4,11.5,3.3,6.57,5.88,6.0,1.8,54.4
1388,2019,23,3.1,5.0,79.0,6.6,5.0,10.6,8.6,5.49,4.01,22.0,3.2,51.3
1415,2019,35,4.4,2.6,57.0,7.2,8.1,11.2,8.1,6.0,6.81,3.0,-0.2,42.3
1428,2019,30,2.6,1.7,39.0,6.3,6.0,9.6,6.4,5.41,5.17,13.0,5.8,37.7
1442,2019,27,3.6,2.4,75.0,6.1,5.8,13.2,9.7,4.9,4.58,11.0,3.9,32.5
1444,2019,38,4.5,1.5,35.0,8.7,8.9,11.6,2.9,8.13,8.35,-1.0,-1.0,32.9
1465,2019,33,4.7,3.1,37.0,6.8,6.3,9.7,9.9,5.45,5.03,4.0,1.0,26.0
1476,2019,25,2.3,2.3,47.0,5.4,4.9,11.6,11.2,3.89,3.38,24.0,7.7,24.7
1501,2019,34,6.2,6.2,23.0,5.7,4.2,10.6,7.1,4.64,3.21,6.0,0.3,21.1
1515,2019,22,0.9,4.6,40.0,5.2,3.3,9.8,12.8,3.79,2.15,6.0,4.3,18.0
1519,2019,29,4.1,2.7,21.0,6.1,4.9,10.7,11.9,4.33,3.26,18.0,7.8,16.9
1520,2019,30,4.1,1.1,44.0,6.4,5.9,11.4,6.3,5.57,5.09,3.0,-0.4,16.7
1527,2019,29,2.6,5.3,39.0,5.9,4.1,9.8,11.6,4.79,3.16,16.0,3.5,16.0
1545,2019,37,4.1,1.6,45.0,5.7,4.9,10.0,3.1,5.38,4.67,7.0,7.0,12.7
1573,2019,25,4.1,4.1,36.0,5.7,3.8,8.9,18.0,3.6,2.08,14.0,3.2,8.6
1600,2019,29,4.1,5.9,41.0,7.0,4.4,13.3,3.8,6.58,4.04,14.0,-2.0,6.0
1602,2019,26,4.1,2.6,63.0,7.0,6.6,11.2,6.6,6.05,5.73,14.0,5.9,6.1
1607,2019,30,4.1,2.6,63.0,7.0,6.6,11.2,6.6,6.05,5.73,9.0,0.7,6.0
1626,2019,30,4.1,2.6,63.0,7.0,6.6,11.2,6.6,6.05,5.73,14.0,3.2,4.2
1627,2019,33,4.1,3.7,22.0,4.5,2.9,6.8,18.2,2.36,1.0,9.0,7.0,4.3
1680,2019,24,4.1,7.7,28.0,4.4,0.9,8.1,10.3,3.17,0.07,11.0,3.1,1.3
1681,2019,30,4.1,2.6,63.0,7.0,6.6,11.2,6.6,6.05,5.73,14.0,-0.3,0.6
1692,2019,40,4.1,2.6,63.0,7.0,6.6,11.2,6.6,6.05,5.73,-1.0,-1.0,0.8
1710,2019,25,4.1,2.6,63.0,7.0,6.6,11.2,6.6,6.05,5.73,14.0,-1.4,-0.1
1714,2019,28,4.1,2.6,63.0,7.0,6.6,11.2,6.6,6.05,5.73,-1.0,-1.0,-0.3
1718,2019,24,4.1,2.6,63.0,7.0,6.6,11.2,6.6,6.05,5.73,1.0,1.0,0.1
1720,2019,24,4.1,2.6,63.0,7.0,6.6,11.2,6.6,6.05,5.73,-1.0,-1.0,-0.3
1723,2019,28,4.1,2.6,63.0,7.0,6.6,11.2,6.6,6.05,5.73,14.0,3.2,0.1
1724,2019,32,4.1,2.6,63.0,7.0,6.6,11.2,6.6,6.05,5.73,14.0,3.2,73.0
1726,2019,27,4.1,2.6,63.0,7.0,6.6,11.2,6.6,6.05,5.73,1.0,-4.5,-0.8
1727,2019,27,4.1,9.5,35.0,6.0,1.7,10.5,6.6,6.0,1.71,14.0,-0.8,-1.5
1730,2019,23,4.1,2.6,63.0,7.0,6.6,11.2,6.6,6.05,5.73,-1.0,-1.0,-1.6
1736,2018,23,8.6,2.1,89.0,8.8,9.6,13.3,4.3,8.13,8.89,28.0,4.5,417.1
1752,2018,33,5.8,1.2,75.0,8.1,8.7,11.7,6.5,7.12,7.71,15.0,3.8,355.0
1758,2018,36,5.0,2.4,97.0,7.6,7.5,11.3,3.4,7.1,7.04,18.0,3.2,341.9
1762,2018,23,5.1,1.8,73.0,8.2,8.5,12.1,10.9,6.67,6.87,34.0,5.6,331.7
1769,2018,29,6.1,2.3,68.0,7.2,7.4,10.7,2.7,6.79,6.95,33.0,3.2,327.9
1774,2018,35,4.2,0.3,75.0,7.4,8.1,11.9,7.6,6.33,6.96,23.0,6.3,312.6
1776,2018,24,5.7,2.1,70.0,8.4,8.5,12.9,5.6,7.52,7.69,16.0,2.5,310.3
1783,2018,39,6.5,1.0,72.0,8.2,9.0,11.0,3.4,7.65,8.47,11.0,0.7,305.0
1789,2018,30,8.2,1.6,66.0,8.1,9.0,12.3,10.7,6.47,7.28,40.0,5.6,299.4
1800,2018,25,4.2,1.5,90.0,7.4,7.5,10.9,9.6,6.08,6.22,28.0,4.1,285.9
1801,2018,37,6.3,2.4,75.0,8.5,8.7,12.4,5.9,7.6,7.79,7.0,0.4,285.0
1806,2018,29,5.1,2.8,82.0,7.2,7.0,10.6,5.8,6.36,6.15,29.0,4.8,282.6
1810,2018,30,5.0,1.7,75.0,7.1,7.3,10.1,6.2,6.25,6.48,19.0,2.8,283.1
1811,2018,41,5.1,1.9,63.0,7.6,7.8,11.6,3.6,7.12,7.26,10.0,1.5,281.3
1812,2018,24,5.5,2.8,70.0,7.4,7.3,11.2,5.2,6.72,6.59,39.0,6.2,263.0
1813,2018,37,3.6,1.9,58.0,7.5,7.3,11.3,7.5,6.33,6.21,7.0,1.3,240.0
1814,2018,23,5.6,2.9,71.0,7.7,7.5,12.0,4.9,6.95,6.77,35.0,3.4,240.1
1815,2018,27,3.4,1.8,66.0,7.3,7.2,10.6,8.4,6.21,6.09,15.0,2.0,216.8
1816,2018,30,3.1,2.6,64.0,6.6,6.1,10.7,5.5,5.9,5.39,17.0,3.6,214.9
1817,2018,30,3.8,2.0,67.0,6.8,6.7,10.3,6.7,5.92,5.79,10.0,2.8,212.2
1818,2018,22,3.1,3.8,75.0,6.5,5.4,12.3,8.0,5.35,4.37,45.0,7.1,208.1
1819,2018,24,5.0,3.7,64.0,7.9,7.3,12.3,6.7,7.0,6.38,18.0,5.7,195.8
1820,2018,26,5.2,1.7,58.0,7.7,7.9,11.0,7.2,6.65,6.89,13.0,2.7,193.7
1821,2018,31,5.8,3.0,49.0,7.0,6.8,11.4,5.4,6.24,6.05,21.0,6.2,174.5
1822,2018,25,3.3,2.4,61.0,7.6,7.2,11.1,11.3,6.13,5.75,27.0,5.6,175.9
1823,2018,26,3.2,2.7,80.0,6.7,6.2,11.2,7.1,5.86,5.32,41.0,6.3,173.2
1824,2018,21,4.1,3.6,76.0,6.9,6.1,12.0,6.8,5.99,5.24,28.0,3.1,168.4
1825,2018,36,6.9,4.9,75.0,9.6,8.8,14.4,5.4,8.81,8.04,18.0,4.2,165.8
1826,2018,21,3.5,1.8,74.0,7.1,7.0,12.1,8.6,6.08,5.99,39.0,4.7,157.5
1827,2018,30,6.2,3.3,75.0,7.2,7.0,11.2,11.3,5.5,5.29,20.0,4.5,143.0
1828,2018,34,3.0,1.5,52.0,6.6,6.6,10.6,6.3,5.88,5.81,22.0,4.1,138.0
1829,2018,33,3.2,1.6,71.0,6.5,6.4,10.6,4.1,6.04,5.96,13.0,2.4,137.1
1833,2018,23,4.7,3.6,85.0,8.3,7.6,12.9,5.8,7.39,6.74,2.0,-0.9,123.5
1839,2018,21,2.8,3.6,75.0,5.8,4.8,10.5,10.3,4.47,3.53,33.0,6.0,112.9
1878,2018,25,3.4,1.1,37.0,5.7,5.9,9.6,8.3,4.59,4.74,27.0,5.2,85.1
1895,2018,25,4.7,4.1,82.0,7.4,6.5,12.3,9.6,5.86,5.03,13.0,3.6,75.0
1896,2018,29,3.6,2.1,83.0,7.2,7.0,10.0,4.4,6.7,6.5,4.0,1.9,76.2
1912,2018,28,3.4,2.2,75.0,7.0,6.7,11.0,8.7,5.73,5.42,7.0,2.6,68.0
1950,2018,32,3.3,4.4,79.0,6.5,5.2,11.3,9.0,5.23,4.03,16.0,5.2,49.6
1957,2018,27,5.6,3.4,56.0,8.1,7.7,13.5,12.7,6.09,5.75,13.0,4.1,48.0
1979,2018,29,2.4,2.4,47.0,5.6,5.0,11.3,13.3,4.0,3.49,24.0,7.8,41.4
1984,2018,25,1.5,1.5,35.0,5.4,5.0,8.3,14.4,3.66,3.33,21.0,6.5,38.7
1990,2018,29,4.1,2.6,63.0,7.0,6.6,11.2,6.6,6.05,5.73,14.0,-1.0,53.1
2004,2018,29,4.0,4.0,35.0,6.2,5.2,10.3,4.7,5.56,4.61,1.0,3.2,33.0
2018,2018,28,4.1,2.6,63.0,7.0,6.6,11.2,6.6,6.05,5.73,35.0,5.3,33.6
2022,2018,32,3.9,2.6,46.0,6.8,6.4,9.7,10.6,5.59,5.24,4.0,0.2,30.7
2035,2018,22,6.5,2.6,53.0,8.6,9.9,13.3,6.6,8.58,9.87,10.0,3.8,26.5
2038,2018,32,5.6,5.6,53.0,6.9,5.5,10.9,10.0,5.6,4.35,15.0,6.3,27.2
2065,2018,39,0.9,3.6,41.0,4.9,3.4,9.0,6.0,4.31,2.94,12.0,6.4,20.8
2075,2018,28,8.0,2.6,47.0,9.3,10.9,15.5,3.8,8.62,10.15,14.0,-0.7,17.1
2099,2018,25,1.8,5.3,33.0,5.6,3.6,9.1,3.4,5.14,3.19,19.0,6.2,13.9
2105,2018,31,2.5,5.0,35.0,5.0,3.3,8.0,7.0,4.27,2.64,8.0,3.5,12.7
2108,2018,24,1.2,8.6,26.0,3.7,6.6,6.7,8.0,2.98,-0.38,24.0,5.0,12.8
2116,2018,29,4.8,2.6,26.0,8.3,9.2,11.6,4.5,7.55,8.45,14.0,3.2,11.0
2142,2018,27,4.1,2.6,63.0,7.0,6.6,11.2,6.6,6.05,5.73,14.0,3.2,20.3
2144,2018,35,4.1,5.7,40.0,6.6,4.1,11.1,6.7,5.76,3.36,-1.0,-1.0,6.5
2147,2018,26,4.3,4.3,18.0,5.1,4.0,8.4,8.0,4.4,3.4,9.0,0.5,7.2
2166,2018,22,4.1,4.8,29.0,4.5,2.3,9.4,8.7,3.24,1.28,12.0,7.8,5.4
2170,2018,25,4.1,2.6,63.0,7.0,6.6,11.2,6.6,6.05,5.73,-1.0,-1.0,4.7
2204,2018,36,4.1,2.6,63.0,7.0,6.6,11.2,6.6,6.05,5.73,14.0,6.5,1.7
2212,2018,27,4.1,2.6,63.0,7.0,6.6,11.2,6.6,6.05,5.73,14.0,3.2,1.6
2235,2018,23,4.1,2.6,63.0,7.0,6.6,11.2,6.6,6.05,5.73,10.0,2.8,0.8
2238,2018,28,4.1,2.6,63.0,7.0,6.6,11.2,6.6,6.05,5.73,14.0,3.2,0.8
2241,2018,33,4.1,2.6,63.0,7.0,6.6,11.2,6.6,6.05,5.73,3.0,3.0,1.5
2265,2018,24,4.1,2.6,63.0,7.0,6.6,11.2,6.6,6.05,5.73,-1.0,-1.0,-0.1
2266,2018,26,4.1,2.6,63.0,7.0,6.6,11.2,6.6,6.05,5.73,3.0,-1.3,73.0
2267,2018,28,4.1,2.6,63.0,7.0,6.6,11.2,6.6,6.05,5.73,14.0,-0.7,0.1
2269,2018,32,4.1,8.6,20.0,3.9,0.1,7.3,16.7,2.29,-0.93,8.0,8.0,0.3
2270,2018,37,4.1,2.6,63.0,7.0,6.6,11.2,6.6,6.05,5.73,14.0,3.2,1.1
2272,2018,35,4.1,2.6,63.0,7.0,6.6,11.2,6.6,6.05,5.73,-1.0,-1.0,-0.1
2274,2018,26,4.1,2.6,63.0,7.0,6.6,11.2,6.6,6.05,5.73,-1.0,-1.0,-0.6
2275,2018,33,4.1,2.6,63.0,7.0,6.6,11.2,6.6,6.05,5.73,2.0,-0.7,-0.5
2277,2018,28,4.1,2.6,63.0,7.0,6.6,11.2,6.6,6.05,5.73,9.0,0.3,-1.5
2281,2018,23,4.1,2.6,63.0,7.0,6.6,11.2,6.6,6.05,5.73,-2.0,-2.0,-2.2
2290,2017,29,6.1,2.0,74.0,7.2,7.5,11.7,7.2,6.14,6.45,31.0,6.2,347.9
2304,2017,28,4.5,3.3,64.0,6.7,6.1,11.3,6.6,5.81,5.28,69.0,5.4,299.5
2309,2017,40,5.5,1.4,64.0,7.9,8.4,11.9,5.7,7.1,7.56,7.0,1.1,295.9
2310,2017,33,5.1,1.0,79.0,8.0,8.6,11.9,6.5,7.1,7.65,70.0,5.9,295.2
2321,2017,25,7.5,1.6,72.0,7.5,8.3,12.4,6.0,6.7,7.43,24.0,4.7,281.7
2324,2017,29,5.0,2.4,74.0,7.6,7.5,11.8,7.1,6.46,6.38,18.0,3.7,277.6
2334,2017,29,5.1,1.8,71.0,7.9,8.1,12.0,7.7,6.8,7.01,15.0,3.4,273.6
2338,2017,36,4.9,1.7,75.0,7.9,8.0,12.5,3.0,7.41,7.6,8.0,-0.1,270.4
2344,2017,38,4.3,1.5,54.0,8.1,8.3,11.2,3.6,7.53,7.71,7.0,0.4,262.6
2348,2017,35,5.0,2.5,97.0,7.6,7.5,11.8,3.6,7.07,6.95,14.0,1.7,260.7
2349,2017,24,4.5,2.7,81.0,6.8,6.5,10.8,6.1,6.01,5.74,21.0,6.3,260.7
2358,2017,23,5.9,1.5,94.0,8.0,8.5,12.9,5.0,7.24,7.72,22.0,1.8,255.3
2359,2017,25,4.0,2.5,75.0,7.0,6.7,11.7,4.4,6.52,6.21,28.0,5.6,249.7
2360,2017,29,4.6,1.5,65.0,7.4,7.6,10.9,4.4,6.78,7.03,22.0,4.0,237.9
2361,2017,32,3.8,2.3,88.0,7.7,7.5,12.0,4.3,7.12,6.87,16.0,4.5,228.1
2362,2017,28,3.3,1.0,47.0,6.7,6.9,10.6,9.9,5.46,5.67,32.0,5.1,222.7
2363,2017,30,5.0,2.4,77.0,6.7,6.6,11.2,7.3,5.73,5.65,25.0,2.6,210.7
2364,2017,24,2.9,3.3,75.0,7.1,6.2,11.5,5.6,6.37,5.51,34.0,5.2,210.5
2365,2017,25,2.8,1.5,80.0,6.6,6.5,11.2,10.0,5.36,5.26,25.0,4.1,205.9
2366,2017,26,4.3,2.5,87.0,6.8,6.5,10.8,3.7,6.35,6.07,32.0,2.9,206.4
2367,2017,38,4.5,2.3,69.0,7.4,7.3,11.0,8.9,6.11,6.0,22.0,3.4,205.4
2368,2017,23,4.3,2.5,70.0,7.9,7.7,12.4,6.9,6.94,6.7,17.0,4.1,201.7
2369,2017,36,3.3,2.3,77.0,6.1,5.7,9.9,5.1,5.45,5.11,14.0,2.2,187.3
2370,2017,32,3.3,2.4,66.0,5.7,5.3,8.9,4.7,5.1,4.71,25.0,2.2,185.0
2371,2017,21,2.3,4.6,56.0,6.1,4.5,11.3,7.4,5.19,3.69,20.0,5.4,175.7
2372,2017,22,9.3,3.9,72.0,8.3,8.4,13.5,8.5,7.1,7.19,49.0,7.5,168.9
2373,2017,34,4.4,3.3,65.0,6.2,5.6,10.0,4.5,5.59,5.04,9.0,1.7,157.8
2374,2017,23,2.1,2.1,70.0,6.6,6.1,11.2,8.6,5.53,5.05,46.0,6.0,134.5
2375,2017,34,6.7,2.5,72.0,7.0,7.2,10.9,8.5,5.8,5.99,18.0,5.3,129.6
2376,2017,26,3.4,4.0,44.0,6.5,5.4,11.1,8.6,5.41,4.38,15.0,4.1,126.1
2378,2017,24,2.8,3.8,55.0,5.8,4.7,9.6,8.4,4.75,3.71,24.0,7.5,124.4
2398,2017,38,3.4,2.6,46.0,7.4,6.9,12.1,7.6,6.33,5.86,4.0,0.9,102.3
2411,2017,24,1.8,2.7,83.0,6.4,5.5,11.6,7.8,5.3,4.52,16.0,5.2,88.8
2414,2017,26,3.9,2.8,61.0,8.8,8.3,13.0,4.3,8.08,7.62,8.0,0.7,87.9
2437,2017,35,4.3,1.8,41.0,6.8,6.8,11.5,4.1,6.29,6.32,15.0,5.2,73.9
2451,2017,27,2.9,2.9,54.0,6.3,5.6,11.3,5.5,5.63,4.94,18.0,4.6,67.9
2460,2017,32,1.9,1.9,59.0,6.1,5.6,10.5,7.0,5.18,4.74,9.0,0.4,63.9
2467,2017,28,3.5,3.5,52.0,6.4,5.5,11.4,11.9,4.83,4.06,12.0,3.7,61.6
2491,2017,27,2.2,2.7,57.0,6.3,5.6,11.3,8.6,5.14,4.44,3.0,0.5,50.7
2498,2017,33,3.8,3.1,52.0,5.6,5.0,11.3,4.2,5.14,4.51,5.0,0.8,50.5
2519,2017,33,3.1,3.9,61.0,6.8,5.6,11.0,8.6,5.51,4.47,7.0,3.0,41.3
2552,2017,28,5.0,2.0,35.0,5.3,5.4,9.4,4.7,4.65,4.75,9.0,0.3,33.8
2553,2017,28,2.9,3.6,29.0,6.0,4.9,9.0,5.4,5.1,4.12,2.0,1.0,33.7
2554,2017,25,5.3,6.7,49.0,6.9,5.0,11.2,7.4,5.95,4.16,11.0,7.1,33.8
2556,2017,30,4.1,3.1,40.0,5.4,4.8,11.1,11.8,4.07,3.57,15.0,10.2,34.0
2567,2017,28,4.1,2.6,63.0,7.0,6.6,11.2,6.6,6.05,5.73,14.0,3.2,50.0
2575,2017,30,7.0,2.6,44.0,8.9,10.3,11.9,10.4,7.13,8.38,-1.0,-1.5,27.0
2585,2017,26,0.9,2.7,46.0,4.9,3.8,9.9,6.7,4.08,3.12,24.0,7.9,25.3
2605,2017,27,2.3,2.3,26.0,6.2,5.6,9.1,2.3,5.84,5.27,3.0,2.0,19.4
2627,2017,23,4.4,6.7,30.0,6.6,4.4,9.8,16.7,4.52,2.76,11.0,6.0,14.8
2635,2017,27,2.3,2.3,41.0,6.2,5.6,11.0,8.5,5.02,4.49,10.0,7.5,14.1
2650,2017,26,4.1,2.6,63.0,7.0,6.6,11.2,6.6,6.05,5.73,14.0,3.2,19.7
2668,2017,22,4.1,2.9,51.0,8.1,6.8,12.9,5.4,7.27,6.05,5.0,1.4,10.4
2671,2017,23,4.1,10.2,21.0,5.1,1.4,10.5,2.0,4.94,1.24,9.0,3.3,10.4
2673,2017,27,2.8,2.6,47.0,5.9,6.4,10.1,7.7,5.13,5.64,10.0,3.0,9.7
2681,2017,28,3.6,3.6,46.0,8.5,7.6,10.4,9.7,7.23,6.42,14.0,-1.3,8.6
2695,2017,24,4.1,2.6,16.0,5.8,5.8,7.1,11.5,4.23,4.23,22.0,22.0,7.6
2728,2017,25,4.1,2.6,50.0,5.0,5.0,8.4,7.5,4.13,4.13,3.0,-0.2,5.2
2743,2017,23,4.1,2.6,63.0,7.0,6.6,11.2,6.6,6.05,5.73,14.0,3.2,6.5
2754,2017,24,4.1,4.3,31.0,5.5,3.5,11.5,20.7,2.69,1.14,-1.0,-1.0,2.9
2756,2017,27,4.1,2.6,63.0,7.0,6.6,11.2,6.6,6.05,5.73,14.0,3.2,2.6
2766,2017,35,2.4,4.8,17.0,3.9,2.2,6.5,16.0,2.64,1.24,14.0,3.2,2.5
2783,2017,24,4.1,2.6,63.0,7.0,6.6,11.2,6.6,6.05,5.73,2.0,2.0,0.6
2790,2017,24,4.1,2.6,63.0,7.0,6.6,11.2,6.6,6.05,5.73,15.0,6.5,1.4
2794,2017,34,4.1,2.6,63.0,7.0,6.6,11.2,6.6,6.05,5.73,-1.0,-1.0,0.5
2795,2017,24,4.1,2.6,63.0,7.0,6.6,11.2,6.6,6.05,5.73,14.0,3.2,0.4
2797,2017,31,4.1,2.6,63.0,7.0,6.6,11.2,6.6,6.05,5.73,14.0,-0.7,-0.2
2798,2017,28,4.1,2.6,63.0,7.0,6.6,11.2,6.6,6.05,5.73,-1.0,-1.0,-0.1
2810,2017,34,4.1,2.6,63.0,7.0,6.6,11.2,6.6,6.05,5.73,-1.0,-1.0,-1.1
2811,2017,32,4.1,2.6,63.0,7.0,6.6,11.2,6.6,6.05,5.73,-1.0,-1.0,-0.5
2816,2017,24,4.1,2.6,63.0,7.0,6.6,11.2,6.6,6.05,5.73,14.0,3.2,-1.0
2817,2017,26,4.1,2.6,63.0,7.0,6.6,11.2,6.6,6.05,5.73,14.0,3.2,-2.0
2818,2017,25,4.1,2.6,63.0,7.0,6.6,11.2,6.6,6.05,5.73,-1.0,-1.0,-2.3
2822,2016,33,6.6,1.1,66.0,7.3,8.1,11.0,5.4,6.48,7.24,23.0,5.5,380.0
2828,2016,31,7.1,1.3,76.0,9.3,10.1,13.3,6.5,8.25,9.03,18.0,3.3,347.5
2833,2016,37,5.5,2.2,98.0,7.7,7.8,11.1,3.9,7.18,7.27,7.0,0.9,332.3
2841,2016,27,5.7,2.4,64.0,7.8,7.8,12.3,7.0,6.78,6.84,33.0,5.3,307.7
2845,2016,28,4.1,2.0,80.0,8.1,8.0,12.1,3.7,7.52,7.45,19.0,2.8,300.3
2857,2016,23,5.0,0.9,83.0,8.0,8.6,11.8,5.2,7.28,7.86,18.0,4.9,286.9
2866,2016,28,4.0,1.7,73.0,7.3,7.3,11.2,5.9,6.52,6.56,24.0,5.6,279.8
2874,2016,27,3.9,1.4,84.0,6.9,7.1,11.2,8.8,5.92,6.07,49.0,6.1,270.9
2877,2016,24,3.7,2.6,51.0,6.2,5.8,10.6,5.2,5.63,5.23,27.0,6.2,271.1
2879,2016,25,5.0,1.1,75.0,7.0,7.5,11.0,2.8,6.7,7.2,13.0,1.8,268.5
2881,2016,28,3.8,2.0,59.0,7.7,7.6,12.0,7.0,6.69,6.56,18.0,3.6,270.1
2894,2016,29,3.2,1.4,86.0,7.5,7.5,11.6,6.8,6.53,6.53,15.0,4.0,260.6
2898,2016,23,5.8,2.0,60.0,7.6,7.9,12.4,4.9,6.9,7.14,41.0,5.8,259.9
2899,2016,39,6.5,0.5,79.0,8.2,9.3,12.2,3.4,7.76,8.81,15.0,2.3,258.6
2900,2016,35,5.7,3.6,59.0,7.6,7.1,12.6,5.9,6.84,6.37,10.0,2.5,258.9
2901,2016,22,4.9,3.2,45.0,7.2,6.8,11.9,5.8,6.4,5.98,14.0,3.1,256.1
2902,2016,27,3.7,2.7,88.0,6.9,6.4,13.0,6.6,5.92,5.46,28.0,4.0,254.3
2903,2016,34,5.7,2.6,72.0,7.5,7.5,11.6,3.2,6.99,6.98,14.0,0.9,252.2
2904,2016,37,4.4,2.3,80.0,7.1,6.9,11.6,6.3,6.2,6.03,16.0,2.7,243.1
2905,2016,31,3.0,2.2,95.0,6.4,6.0,9.9,4.7,5.78,5.39,16.0,2.8,242.5
2906,2016,35,4.3,2.7,75.0,6.7,6.4,10.7,3.4,6.28,5.95,6.0,-0.4,224.2
2907,2016,32,3.1,1.6,80.0,7.2,7.0,10.7,5.4,6.5,6.39,24.0,2.8,224.8
2908,2016,29,3.6,0.9,71.0,7.0,7.3,9.8,6.3,6.11,6.41,24.0,2.7,221.9
2909,2016,24,2.6,2.3,73.0,6.2,5.7,10.0,5.2,5.58,5.09,17.0,3.3,214.0
2910,2016,29,4.8,1.2,65.0,6.8,7.2,11.4,9.8,5.54,5.92,30.0,6.8,200.4
2911,2016,25,3.7,2.1,76.0,7.0,6.8,11.8,6.0,6.22,6.04,14.0,2.0,191.7
2912,2016,28,4.9,3.1,74.0,7.7,7.3,11.5,6.9,6.65,6.27,18.0,4.2,190.2
2913,2016,26,2.9,3.1,53.0,5.8,5.0,9.8,5.0,5.12,4.34,21.0,4.4,169.0
2914,2016,34,3.0,4.2,57.0,6.7,5.4,11.9,4.5,6.23,4.99,14.0,3.9,133.4
2933,2016,28,2.8,3.4,65.0,6.8,5.9,11.2,6.7,5.97,5.06,13.0,2.6,111.1
2975,2016,31,3.0,2.6,64.0,7.2,7.8,10.8,2.0,7.0,7.58,3.0,-0.3,79.6
2982,2016,23,3.1,1.0,44.0,7.1,7.2,10.8,9.7,5.74,5.88,8.0,1.6,77.0
2989,2016,27,3.1,3.8,75.0,5.8,4.7,10.2,6.4,5.13,4.13,24.0,4.3,73.7
2995,2016,26,3.7,6.5,37.0,7.5,5.3,12.5,2.7,7.06,4.95,5.0,0.3,71.8
3006,2016,26,1.4,2.0,58.0,6.0,5.4,10.2,13.0,4.43,3.86,20.0,6.1,66.4
3025,2016,32,9.2,3.4,66.0,8.3,8.6,13.1,1.1,8.19,8.48,-1.0,-1.0,54.7
3033,2016,22,2.4,3.4,66.0,5.3,4.3,9.7,11.3,3.75,2.82,6.0,2.0,53.2
3036,2016,37,3.6,3.6,54.0,6.7,5.8,12.2,9.8,5.32,4.5,7.0,3.0,52.1
3045,2016,33,2.9,3.6,54.0,7.7,6.7,13.1,11.0,6.2,5.26,12.0,4.8,46.8
3080,2016,25,6.3,2.6,37.0,8.0,9.2,11.7,4.5,7.38,8.59,10.0,0.6,36.0
3086,2016,27,4.7,2.3,51.0,6.5,6.4,10.5,4.4,5.82,5.71,14.0,-0.7,33.9
3092,2016,25,2.3,5.3,52.0,6.1,4.2,10.8,8.9,5.0,3.25,9.0,3.8,32.3
3101,2016,24,4.1,2.6,58.0,7.3,7.3,11.8,9.8,5.8,5.8,27.0,5.2,28.3
3102,2016,27,5.5,2.6,49.0,7.5,8.5,11.4,6.8,6.37,7.39,-1.0,-1.0,28.0
3103,2016,22,2.4,1.2,31.0,6.0,5.9,10.1,9.8,4.95,4.89,10.0,2.3,28.4
3155,2016,26,4.1,2.6,32.0,6.3,6.3,10.0,6.4,5.45,5.45,11.0,2.0,17.6
3156,2016,33,3.8,9.4,48.0,8.5,5.1,12.6,6.6,8.55,5.06,4.0,4.0,16.5
3159,2016,24,4.1,7.7,17.0,4.0,0.5,7.4,7.1,3.36,0.14,28.0,13.1,16.7
3163,2016,34,3.9,3.9,50.0,5.6,4.6,9.5,8.9,4.66,3.77,3.0,0.8,15.7
3205,2016,36,4.1,2.6,33.0,6.9,6.9,12.7,2.8,6.53,6.53,9.0,1.0,10.2
3215,2016,27,4.1,2.6,63.0,7.0,6.6,11.2,6.6,6.05,5.73,14.0,3.2,9.0
3220,2016,32,4.2,6.3,29.0,4.0,2.0,10.1,2.0,3.76,1.82,-1.0,-1.0,9.4
3226,2016,34,4.2,4.2,31.0,7.6,6.5,13.0,7.7,6.46,5.5,2.0,0.5,9.4
3228,2016,23,4.1,2.6,63.0,7.0,6.6,11.2,6.6,6.05,5.73,11.0,0.1,7.9
3234,2016,26,4.1,2.6,63.0,7.0,6.6,11.2,6.6,6.05,5.73,7.0,4.5,7.9
3243,2016,26,4.1,2.6,35.0,5.0,5.0,11.9,10.3,3.83,3.83,8.0,2.8,7.4
3250,2016,23,4.8,4.8,32.0,7.1,6.0,10.7,8.7,6.22,5.13,14.0,3.2,6.0
3264,2016,36,4.1,2.6,63.0,7.0,6.6,11.2,6.6,6.05,5.73,14.0,3.2,5.2
3294,2016,24,4.1,2.6,63.0,7.0,6.6,11.2,6.6,6.05,5.73,-1.0,-1.0,1.7
3297,2016,27,4.1,2.6,63.0,7.0,6.6,11.2,6.6,6.05,5.73,-1.0,-1.0,1.7
3317,2016,30,4.1,2.6,63.0,7.0,6.6,11.2,6.6,6.05,5.73,14.0,3.2,0.6
3319,2016,26,4.1,2.6,63.0,7.0,6.6,11.2,6.6,6.05,5.73,14.0,3.2,0.9
3343,2016,33,4.1,2.6,63.0,7.0,6.6,11.2,6.6,6.05,5.73,14.0,-0.5,-0.1
3344,2016,31,4.1,2.6,63.0,7.0,6.6,11.2,6.6,6.05,5.73,-2.0,-2.0,-0.2
3352,2016,30,4.1,2.6,63.0,7.0,6.6,11.2,6.6,6.05,5.73,1.0,-0.5,-0.5
3353,2016,35,4.1,2.6,63.0,7.0,6.6,11.2,6.6,6.05,5.73,-1.0,-1.0,0.4
3358,2016,24,4.1,2.6,63.0,7.0,6.6,11.2,6.6,6.05,5.73,-1.0,-1.0,-1.3
3360,2016,23,4.1,2.6,63.0,7.0,6.6,11.2,6.6,6.05,5.73,14.0,-0.7,-1.5
3366,2015,26,7.1,2.0,74.0,7.8,8.3,13.0,6.3,6.73,7.2,47.0,4.8,389.1
3381,2015,38,5.8,1.1,76.0,7.6,8.3,11.9,5.7,6.87,7.48,13.0,1.6,344.7
3385,2015,27,7.0,1.7,80.0,8.3,9.0,12.2,8.5,7.12,7.73,24.0,5.4,336.3
3400,2015,23,5.8,3.0,90.0,7.3,7.1,12.5,7.8,6.25,6.09,28.0,6.0,316.1
3408,2015,36,6.5,2.0,68.0,8.7,9.1,13.7,4.4,8.04,8.41,12.0,1.0,309.2
3410,2015,36,5.1,1.8,80.0,7.8,8.0,11.4,4.7,7.04,7.26,12.0,0.6,304.2
3414,2015,32,5.4,1.4,65.0,6.7,7.1,11.0,7.4,5.67,6.1,18.0,5.9,301.2
3425,2015,27,5.3,2.0,78.0,7.7,7.8,11.0,4.6,6.99,7.14,13.0,1.8,293.4
3428,2015,27,5.4,2.2,57.0,7.2,7.3,10.7,6.9,6.31,6.39,18.0,3.6,290.8
3431,2015,34,5.7,2.3,87.0,7.2,7.3,11.5,4.2,6.63,6.74,18.0,3.1,287.4
3434,2015,33,5.5,2.7,69.0,6.9,6.9,11.7,3.3,6.56,6.46,19.0,4.5,285.2
3437,2015,34,4.4,2.0,80.0,7.2,7.2,11.0,5.7,6.46,6.45,8.0,1.6,284.5
3439,2015,21,4.1,2.8,68.0,7.6,7.1,13.0,4.8,6.85,6.44,21.0,3.9,275.0
3440,2015,24,5.6,2.3,68.0,7.0,7.1,11.4,5.1,6.22,6.31,24.0,4.2,271.3
3441,2015,31,4.3,1.5,80.0,7.4,7.6,11.4,8.7,6.31,6.48,49.0,5.9,271.2
3442,2015,26,5.3,1.6,63.0,8.0,8.3,12.5,8.7,6.79,7.1,31.0,5.5,271.6
3443,2015,27,4.1,2.0,54.0,7.2,7.1,11.6,7.1,6.0,5.91,28.0,4.4,258.3
3444,2015,28,6.5,1.8,80.0,8.4,8.9,12.7,4.9,7.71,8.17,12.0,2.5,244.2
3445,2015,30,3.4,2.6,70.0,7.5,7.0,11.3,4.7,6.81,6.35,18.0,1.8,233.9
3446,2015,33,4.5,3.4,69.0,8.4,7.8,12.3,4.1,7.76,7.15,13.0,1.9,228.1
3447,2015,32,4.3,2.3,87.0,7.6,7.4,11.8,5.7,6.85,6.71,26.0,5.3,226.5
3448,2015,22,5.1,2.7,61.0,7.6,7.4,12.3,9.3,6.27,6.1,87.0,7.4,211.0
3449,2015,23,3.1,2.0,52.0,7.2,6.9,11.1,9.0,5.96,5.7,19.0,4.4,200.4
3450,2015,28,3.6,2.6,78.0,7.0,6.5,10.8,5.0,6.29,5.85,14.0,1.5,194.9
3451,2015,30,5.1,1.9,49.0,7.1,7.2,11.6,6.3,6.14,6.31,15.0,2.9,166.6
3452,2015,30,3.4,2.9,50.0,6.8,6.1,10.5,3.7,6.22,5.61,16.0,1.8,161.9
3453,2015,36,4.1,1.4,56.0,7.2,7.4,11.3,7.3,6.26,6.45,13.0,4.9,132.2
3454,2015,26,5.1,4.1,87.0,6.4,5.6,11.6,4.9,5.82,5.04,25.0,5.9,130.8
3456,2015,26,3.5,2.5,71.0,7.2,6.8,11.4,8.1,6.08,5.71,44.0,5.8,129.7
3466,2015,25,3.6,2.2,72.0,7.2,6.9,11.6,7.7,6.09,5.86,8.0,2.9,116.8
3474,2015,28,2.5,2.0,76.0,6.6,6.2,11.2,10.3,5.33,4.94,15.0,5.7,110.2
3491,2015,26,2.1,3.0,68.0,6.1,5.2,10.8,4.0,5.57,4.68,10.0,1.2,96.1
3494,2015,23,3.1,2.2,61.0,6.7,6.3,11.6,7.9,5.62,5.26,34.0,6.2,95.0
3499,2015,40,3.5,2.0,57.0,6.6,6.4,10.8,5.9,5.84,5.68,10.0,0.9,91.1
3500,2015,39,2.7,5.1,75.0,6.8,5.0,11.4,4.6,6.21,4.52,-1.0,-1.0,91.4
3546,2015,33,2.5,3.4,51.0,6.3,5.2,10.7,6.4,5.46,4.47,24.0,5.2,66.8
3548,2015,32,3.6,1.4,67.0,7.5,7.5,10.8,6.7,6.44,6.51,11.0,2.9,66.4
3577,2015,25,5.0,1.7,66.0,7.2,7.4,10.8,9.2,6.04,6.27,16.0,2.2,55.3
3600,2015,27,3.2,0.8,60.0,6.6,6.9,10.9,3.1,6.2,6.47,4.0,0.4,43.6
3605,2015,24,2.4,4.2,57.0,5.6,4.2,9.3,7.3,4.68,3.36,5.0,0.9,42.2
3608,2015,35,4.1,5.8,39.0,7.3,5.5,10.7,4.7,6.69,4.99,12.0,3.3,40.7
3613,2015,25,3.6,3.6,58.0,6.7,5.8,10.8,6.7,5.73,4.9,16.0,3.8,38.8
3629,2015,28,1.6,3.2,48.0,5.9,4.8,10.3,5.3,5.31,4.25,11.0,3.3,33.2
3630,2015,26,3.8,5.8,36.0,7.5,5.7,12.8,4.6,6.94,5.19,14.0,-0.5,33.1
3631,2015,29,4.4,4.4,43.0,6.8,5.7,10.4,9.0,5.62,4.62,11.0,3.7,32.8
3638,2015,35,3.0,1.5,72.0,5.6,5.5,9.3,13.2,4.18,4.12,24.0,5.0,30.7
3659,2015,34,3.8,5.0,48.0,6.8,5.3,10.4,3.6,6.18,4.73,7.0,2.5,26.6
3682,2015,28,5.3,1.8,61.0,6.5,6.8,13.2,8.1,5.44,5.68,7.0,3.2,22.8
3683,2015,26,5.5,7.3,88.0,9.3,7.1,16.0,3.5,8.7,6.6,14.0,-1.0,22.0
3699,2015,25,4.8,2.4,28.0,6.3,6.2,9.8,6.7,5.47,5.36,29.0,17.0,20.0
3703,2015,26,1.1,3.2,42.0,5.8,4.6,9.8,10.5,4.3,3.2,17.0,4.7,19.2
3761,2015,34,4.1,2.6,25.0,8.6,7.4,10.5,2.5,8.38,7.25,14.0,3.2,11.4
3767,2015,27,3.6,3.6,57.0,5.3,4.4,9.9,3.4,4.9,4.03,9.0,3.0,10.4
3770,2015,26,6.3,3.1,14.0,4.4,4.3,6.2,5.9,3.59,3.44,14.0,3.2,9.7
3771,2015,32,2.5,2.5,23.0,5.0,4.4,9.1,6.6,5.03,4.4,14.0,3.2,10.0
3777,2015,29,4.1,2.6,63.0,7.0,6.6,11.2,6.6,6.05,5.73,-1.0,-1.0,8.8
3788,2015,28,4.1,2.6,63.0,7.0,6.6,11.2,6.6,6.05,5.73,14.0,3.2,8.0
3793,2015,25,4.1,2.6,63.0,7.0,6.6,11.2,6.6,6.05,5.73,14.0,3.2,6.7
3797,2015,32,4.1,2.6,63.0,7.0,6.6,11.2,6.6,6.05,5.73,-1.0,-1.0,6.4
3803,2015,26,4.1,2.6,63.0,7.0,6.6,11.2,6.6,6.05,5.73,14.0,3.2,6.3
3821,2015,33,4.1,3.1,33.0,4.7,3.3,9.4,13.5,3.3,2.08,2.0,0.5,4.1
3823,2015,27,4.1,2.6,63.0,7.0,6.6,11.2,6.6,6.05,5.73,6.0,1.0,4.7
3851,2015,32,4.1,2.6,63.0,7.0,6.6,11.2,6.6,6.05,5.73,2.0,-0.3,1.2
3857,2015,32,4.1,2.6,63.0,7.0,6.6,11.2,6.6,6.05,5.73,-1.0,-1.0,0.7
3864,2015,23,4.1,2.6,63.0,7.0,6.6,11.2,6.6,6.05,5.73,14.0,3.2,1.2
3880,2015,29,4.1,2.6,63.0,7.0,6.6,11.2,6.6,6.05,5.73,-1.0,-1.0,73.0
3881,2015,24,4.1,2.6,63.0,7.0,6.6,11.2,6.6,6.05,5.73,-1.0,-1.0,-0.3
3883,2015,35,4.1,2.6,63.0,7.0,6.6,11.2,6.6,6.05,5.73,-1.0,-1.3,0.1
3886,2015,31,4.1,2.6,63.0,7.0,6.6,11.2,6.6,6.05,5.73,14.0,-0.7,0.4
3888,2015,24,4.1,2.6,63.0,7.0,6.6,11.2,6.6,6.05,5.73,-1.0,-1.0,-0.1
3896,2015,31,4.1,8.0,21.0,4.2,0.6,9.5,7.4,3.56,0.22,-1.0,-1.0,-1.1
3898,2015,25,4.1,2.6,63.0,7.0,6.6,11.2,6.6,6.05,5.73,-4.0,-4.0,-2.0
3912,2014,31,7.3,1.0,80.0,8.4,9.5,12.8,5.1,7.68,8.65,19.0,6.3,354.1
3913,2014,25,6.5,2.6,80.0,7.7,7.9,12.5,4.2,7.15,7.28,20.0,4.3,351.7
3921,2014,26,4.4,1.5,80.0,7.7,7.9,12.2,8.5,6.54,6.72,55.0,7.2,330.6
3931,2014,38,6.5,2.5,86.0,7.9,8.1,12.0,2.8,7.51,7.68,4.0,-1.0,312.7
3936,2014,32,5.3,1.5,94.0,8.1,8.5,12.1,5.1,7.46,7.82,8.0,0.8,306.2
3938,2014,35,5.0,2.6,69.0,7.5,7.4,10.9,4.2,6.93,6.77,13.0,2.5,304.0
3953,2014,29,4.5,2.2,79.0,7.5,7.4,11.3,4.7,6.81,6.71,15.0,5.0,284.3
3960,2014,26,4.6,2.0,50.0,6.9,6.9,10.3,7.2,5.83,5.83,40.0,5.6,279.5
3961,2014,37,5.7,1.5,69.0,7.1,7.5,11.0,3.5,6.59,7.01,17.0,1.6,278.1
3968,2014,33,5.0,2.3,80.0,7.3,7.3,11.6,4.5,6.71,6.67,18.0,2.6,269.5
3972,2014,34,7.8,2.1,68.0,8.5,9.1,12.2,6.3,7.52,8.11,21.0,2.3,266.3
3974,2014,33,5.4,3.2,59.0,7.5,7.2,11.3,5.9,6.76,6.45,17.0,2.8,265.6
3977,2014,29,4.9,2.2,80.0,7.2,7.2,11.6,3.3,6.66,6.66,15.0,1.8,262.4
3978,2014,31,5.0,3.2,74.0,6.8,6.3,10.3,6.3,5.99,5.57,25.0,4.9,255.6
3979,2014,26,3.7,2.0,73.0,7.1,6.9,11.7,7.0,6.19,6.03,18.0,2.2,251.6
3980,2014,27,4.0,2.1,80.0,7.0,6.9,11.7,9.8,5.71,5.58,90.0,6.1,250.7
3981,2014,25,4.0,2.7,51.0,7.0,6.6,11.9,7.8,5.82,5.45,22.0,5.2,249.0
3982,2014,27,4.0,3.5,81.0,7.1,6.3,11.0,4.2,6.52,5.75,20.0,2.8,225.6
3983,2014,30,3.9,1.3,70.0,7.0,7.2,10.8,8.8,5.96,6.14,25.0,5.2,220.0
3984,2014,23,3.5,2.0,77.0,5.5,5.3,9.4,3.9,5.01,4.82,41.0,3.2,192.0
3985,2014,22,3.5,3.0,87.0,7.3,6.6,11.3,8.8,6.05,5.46,16.0,4.4,179.7
3986,2014,32,5.4,2.6,76.0,8.0,7.9,12.6,6.3,7.21,7.15,16.0,3.7,179.7
3987,2014,32,4.0,2.2,84.0,6.8,6.6,10.5,6.9,5.88,5.69,10.0,0.9,176.1
3988,2014,22,2.3,3.6,63.0,6.1,5.0,10.4,10.4,4.84,3.81,34.0,7.5,168.2
3989,2014,29,2.7,3.0,81.0,7.6,6.8,13.7,5.2,6.85,6.11,11.0,1.6,156.9
3990,2014,24,3.5,3.5,74.0,6.9,6.0,11.5,7.1,5.95,5.13,18.0,4.0,150.8
3991,2014,28,4.5,3.6,72.0,7.8,7.1,12.2,6.9,6.83,6.18,15.0,2.6,139.4
3992,2014,35,3.4,4.3,56.0,6.7,5.5,12.0,9.9,5.43,4.3,16.0,5.1,126.9
3994,2014,25,4.2,3.2,68.0,7.0,6.3,11.6,2.8,6.53,5.93,14.0,4.3,119.3
4012,2014,25,4.2,3.2,59.0,7.0,6.5,11.1,9.3,5.82,5.29,12.0,2.3,107.6
4017,2014,35,4.9,1.3,80.0,7.3,7.6,11.5,3.9,6.73,7.09,12.0,3.1,103.5
4026,2014,30,2.9,2.1,49.0,7.1,6.8,13.0,4.4,6.55,6.22,13.0,2.5,94.7
4034,2014,25,4.9,3.0,41.0,7.0,6.6,12.1,7.3,6.05,5.74,19.0,4.9,89.6
4035,2014,34,3.5,3.1,63.0,7.2,6.6,11.4,7.3,6.24,5.61,9.0,1.0,90.3
4038,2014,26,4.9,4.4,81.0,8.4,7.4,13.6,3.8,7.74,6.77,12.0,2.9,88.4
4041,2014,24,1.9,2.8,69.0,7.9,7.0,11.5,13.4,5.94,5.17,23.0,4.6,87.4
4042,2014,32,3.8,1.1,75.0,7.2,7.4,12.6,8.9,6.02,6.27,23.0,4.5,87.0
4066,2014,23,4.5,3.9,80.0,7.9,7.0,13.2,9.1,6.47,5.68,8.0,0.8,70.9
4083,2014,26,3.4,4.8,61.0,6.8,5.3,11.5,8.8,5.68,4.33,29.0,6.5,63.9
4087,2014,28,3.1,2.3,70.0,8.3,7.8,11.6,11.7,6.48,6.1,20.0,4.1,62.9
4101,2014,24,3.8,2.3,80.0,6.4,6.1,11.0,4.4,5.8,5.54,8.0,3.3,58.7
4125,2014,31,5.2,2.6,35.0,7.2,8.3,10.8,4.0,6.77,7.76,8.0,3.0,50.4
4143,2014,34,2.5,1.7,67.0,5.0,4.7,9.4,13.6,3.71,3.49,24.0,5.9,43.5
4183,2014,29,3.8,1.3,63.0,6.3,6.5,11.7,17.0,4.12,4.28,12.0,6.3,30.2
4207,2014,32,4.2,5.6,28.0,6.0,4.3,10.4,7.8,5.01,3.45,13.0,2.0,22.8
4209,2014,26,2.6,2.6,35.0,5.6,5.0,9.7,3.8,5.25,4.63,13.0,3.5,22.9
4212,2014,25,2.2,4.3,41.0,6.0,4.5,12.5,6.1,5.21,3.8,14.0,3.2,22.5
4221,2014,26,2.7,2.7,41.0,5.3,4.7,9.8,1.3,5.2,4.54,2.0,-0.3,19.8
4223,2014,31,7.3,4.9,43.0,7.4,6.7,12.6,2.4,7.0,6.29,1.0,-0.2,20.0
4235,2014,39,4.5,2.6,32.0,6.8,7.8,10.0,4.3,6.39,7.26,14.0,-1.4,16.9
4243,2014,27,4.2,2.1,22.0,4.6,4.5,8.6,5.9,3.98,3.88,4.0,3.0,15.8
4273,2014,23,3.7,2.6,37.0,6.7,7.5,9.6,15.6,4.56,5.19,9.0,0.9,12.2
4275,2014,22,4.1,5.7,32.0,5.0,2.4,9.7,7.9,3.92,1.55,10.0,3.2,11.9
4278,2014,26,4.1,4.5,18.0,5.0,3.0,10.1,12.0,3.76,1.96,8.0,4.0,12.5
4306,2014,28,4.1,2.6,30.0,5.6,5.6,9.8,12.5,4.38,4.38,9.0,3.8,7.8
4324,2014,23,4.1,2.6,63.0,7.0,6.6,11.2,6.6,6.05,5.73,14.0,3.2,7.2
4329,2014,25,4.1,2.6,63.0,7.0,6.6,11.2,6.6,6.05,5.73,5.0,5.0,6.0
4331,2014,24,4.1,2.6,63.0,7.0,6.6,11.2,6.6,6.05,5.73,4.0,3.2,6.1
4347,2014,25,4.1,2.6,63.0,7.0,6.6,11.2,6.6,6.05,5.73,3.0,1.5,5.5
4360,2014,23,4.1,3.6,49.0,6.3,4.7,12.6,12.5,4.69,3.28,7.0,1.3,4.0
4382,2014,24,4.1,2.6,63.0,7.0,6.6,11.2,6.6,6.05,5.73,-1.0,-1.5,2.1
4385,2014,26,4.1,2.6,63.0,7.0,6.6,11.2,6.6,6.05,5.73,2.0,2.0,1.8
4389,2014,28,4.1,2.6,63.0,7.0,6.6,11.2,6.6,6.05,5.73,14.0,3.2,2.6
4393,2014,33,4.1,2.6,63.0,7.0,6.6,11.2,6.6,6.05,5.73,1.0,1.0,1.1
4401,2014,30,4.1,2.6,63.0,7.0,6.6,11.2,6.6,6.05,5.73,-1.0,-1.0,0.6
4407,2014,27,4.1,2.6,63.0,7.0,6.6,11.2,6.6,6.05,5.73,14.0,3.2,0.6
4409,2014,24,4.1,2.6,63.0,7.0,6.6,11.2,6.6,6.05,5.73,14.0,3.2,73.0
4410,2014,31,4.1,2.6,63.0,7.0,6.6,11.2,6.6,6.05,5.73,14.0,3.2,0.4
4413,2014,31,4.1,2.6,63.0,7.0,6.6,11.2,6.6,6.05,5.73,-1.0,-1.0,-0.2
4414,2014,31,4.1,2.6,63.0,7.0,6.6,11.2,6.6,6.05,5.73,14.0,3.2,73.0
4415,2014,30,4.1,2.6,63.0,7.0,6.6,11.2,6.6,6.05,5.73,-1.0,-1.0,0.2
4419,2014,24,4.1,2.6,63.0,7.0,6.6,11.2,6.6,6.05,5.73,1.0,-1.0,0.5
4420,2014,25,4.1,2.6,63.0,7.0,6.6,11.2,6.6,6.05,5.73,14.0,-0.8,-0.3
4423,2014,29,4.1,2.6,63.0,7.0,6.6,11.2,6.6,6.05,5.73,-1.0,-1.0,-2.4
4425,2014,33,4.1,2.6,63.0,7.0,6.6,11.2,6.6,6.05,5.73,14.0,3.2,-3.7
4428,2013,37,8.3,1.5,78.0,8.3,9.3,12.2,2.7,7.91,8.87,1.0,-1.0,410.0
4436,2013,34,6.0,1.8,76.0,7.9,8.3,11.6,5.4,7.16,7.51,16.0,1.5,357.7
4465,2013,24,5.1,2.7,79.0,7.1,6.9,11.6,8.3,5.9,5.69,56.0,5.3,297.7
4468,2013,24,4.0,1.6,73.0,6.7,6.8,11.1,5.3,5.97,6.06,29.0,6.0,292.6
4470,2013,26,5.6,3.4,82.0,7.3,6.9,11.8,4.7,6.68,6.29,12.0,3.0,288.0
4472,2013,32,5.9,2.0,60.0,8.2,8.5,11.8,5.2,7.54,7.79,18.0,2.6,287.4
4477,2013,25,4.6,3.0,87.0,7.3,6.9,12.5,3.5,6.82,6.4,14.0,1.9,278.9
4487,2013,25,6.4,2.2,80.0,8.2,8.5,13.1,9.8,6.84,7.1,27.0,5.6,270.2
4493,2013,26,5.0,1.9,64.0,7.7,7.8,13.2,8.6,6.52,6.65,28.0,5.7,264.3
4496,2013,33,5.8,1.9,82.0,7.2,7.5,11.2,6.1,6.24,6.54,15.0,1.9,260.9
4499,2013,24,8.5,0.6,63.0,9.1,10.5,14.2,8.1,7.88,9.18,21.0,3.9,259.7
4503,2013,31,4.8,2.4,67.0,7.3,7.2,11.4,6.7,6.36,6.24,19.0,3.7,258.8
4504,2013,29,4.5,1.4,71.0,6.5,6.8,10.8,7.1,5.67,5.94,26.0,5.7,254.2
4505,2013,29,4.5,1.4,71.0,6.5,6.8,10.8,7.1,5.67,5.94,26.0,5.7,254.2
4506,2013,36,4.0,1.8,81.0,6.9,6.9,11.4,6.0,6.12,6.13,11.0,0.6,251.5
4507,2013,28,4.0,2.6,81.0,6.9,6.6,10.3,6.3,6.07,5.72,17.0,3.2,248.1
4508,2013,25,4.1,2.9,67.0,6.7,6.2,11.0,9.0,5.44,5.0,48.0,6.0,238.3
4509,2013,34,4.2,3.8,91.0,7.5,6.6,11.8,6.7,6.5,5.67,10.0,0.1,217.3
4510,2013,23,3.5,2.6,62.0,7.0,6.5,11.7,7.7,5.93,5.48,26.0,5.7,213.0
4511,2013,28,3.1,3.6,74.0,6.4,5.4,10.8,7.3,5.42,4.5,22.0,4.9,207.6
4512,2013,23,2.7,4.7,69.0,6.9,5.3,12.3,8.8,5.62,4.17,32.0,5.1,194.7
4513,2013,32,3.3,4.9,70.0,6.9,5.4,12.0,6.6,5.99,4.55,14.0,2.0,170.3
4514,2013,30,5.4,3.4,67.0,7.4,6.9,11.7,5.1,6.66,6.23,18.0,5.1,168.6
4515,2013,30,5.9,2.1,83.0,8.7,9.0,13.1,6.8,7.78,8.0,18.0,4.0,169.4
4516,2013,31,4.0,3.4,77.0,7.0,6.3,11.3,5.7,6.32,5.62,26.0,5.2,167.7
4517,2013,28,2.6,2.8,62.0,6.4,5.7,10.6,7.0,5.54,4.86,14.0,2.9,161.3
4518,2013,24,4.6,2.2,85.0,6.3,6.2,10.6,8.8,5.03,4.98,16.0,1.4,158.0
4519,2013,24,2.6,4.0,73.0,6.6,5.3,11.5,10.2,5.26,4.09,93.0,6.9,143.5
4520,2013,34,5.8,0.4,80.0,8.2,9.1,12.3,4.7,7.63,8.54,20.0,5.3,136.1
4521,2013,23,3.6,2.9,45.0,6.4,5.8,11.0,8.4,5.43,4.87,19.0,3.5,133.5
4528,2013,26,5.3,1.5,73.0,6.4,6.8,10.6,5.4,5.74,6.1,23.0,2.1,118.6
4532,2013,32,3.5,2.5,80.0,6.4,5.9,11.2,4.8,5.74,5.32,21.0,7.6,115.3
4542,2013,31,4.3,3.5,79.0,7.1,6.4,11.8,5.9,6.38,5.69,13.0,3.2,108.0
4543,2013,25,2.9,3.8,47.0,6.9,5.8,10.8,10.2,5.75,4.75,19.0,4.4,107.0
4544,2013,32,2.8,3.9,46.0,6.5,5.3,10.5,5.5,5.67,4.53,7.0,4.8,104.8
4546,2013,25,3.6,2.4,66.0,7.0,6.6,12.8,7.0,5.73,5.4,22.0,5.1,103.6
4551,2013,33,3.5,2.1,70.0,8.6,8.4,15.8,9.6,7.15,6.93,61.0,8.5,101.0
4552,2013,25,4.4,2.2,66.0,6.9,6.8,11.3,8.0,5.78,5.68,39.0,6.5,99.7
4569,2013,30,3.4,3.4,95.0,6.5,5.6,12.3,9.2,5.28,4.51,11.0,3.7,89.6
4578,2013,30,3.3,2.9,81.0,6.9,6.3,11.8,8.0,5.84,5.25,16.0,2.8,85.3
4588,2013,24,3.8,3.8,52.0,7.3,6.4,13.1,2.8,6.88,5.96,20.0,2.5,78.6
4598,2013,28,4.0,2.5,56.0,7.0,6.6,11.2,10.7,5.61,5.32,17.0,3.3,72.2
4625,2013,28,2.5,1.9,57.0,7.0,6.6,11.7,10.3,5.67,5.35,8.0,2.2,58.9
4679,2013,28,5.2,3.1,47.0,6.4,6.0,10.8,5.9,5.56,5.22,11.0,2.7,40.2
4700,2013,25,2.6,4.5,62.0,5.5,4.0,10.5,3.1,5.14,3.67,6.0,3.5,33.6
4705,2013,26,1.1,5.6,52.0,8.0,5.7,13.0,3.2,7.43,5.23,19.0,11.0,34.2
4712,2013,25,1.4,2.7,39.0,5.2,4.2,12.1,5.2,4.52,3.61,13.0,4.0,30.4
4740,2013,31,3.9,3.9,39.0,7.8,6.8,12.1,6.6,7.8,6.82,8.0,8.0,20.7
4756,2013,27,2.6,2.6,48.0,6.5,5.9,9.9,5.0,5.93,5.3,29.0,3.7,17.1
4759,2013,30,4.1,2.6,63.0,7.0,6.6,11.2,6.6,6.05,5.73,5.0,0.3,16.1
4780,2013,24,1.2,8.1,67.0,5.6,2.2,11.5,12.2,4.22,1.21,7.0,3.6,12.4
4787,2013,22,1.7,5.1,59.0,5.2,3.3,11.9,3.3,4.89,3.0,14.0,5.7,12.1
4798,2013,25,3.2,3.2,25.0,5.0,4.2,9.8,11.4,3.8,3.09,22.0,7.4,9.9
4856,2013,24,4.1,2.6,63.0,7.0,6.6,11.2,6.6,6.05,5.73,25.0,8.0,6.1
4867,2013,23,4.1,2.6,63.0,7.0,6.6,11.2,6.6,6.05,5.73,4.0,0.7,4.0
4871,2013,33,4.1,4.2,17.0,5.8,3.9,8.7,14.3,4.07,2.46,14.0,3.2,3.6
4877,2013,24,4.1,2.6,63.0,7.0,6.6,11.2,6.6,6.05,5.73,14.0,3.2,3.4
4882,2013,38,4.1,2.6,63.0,7.0,6.6,11.2,6.6,6.05,5.73,-1.0,-1.0,3.0
4896,2013,23,4.1,8.2,26.0,6.1,2.4,10.0,5.8,5.31,1.85,-1.0,-1.0,1.8
4904,2013,27,4.1,2.6,63.0,7.0,6.6,11.2,6.6,6.05,5.73,10.0,2.9,2.0
4931,2013,26,4.1,9.1,20.0,5.1,1.0,7.5,8.3,4.42,0.67,14.0,3.2,0.5
4932,2013,30,4.1,2.6,63.0,7.0,6.6,11.2,6.6,6.05,5.73,2.0,3.2,73.0
4937,2013,33,4.1,2.6,63.0,7.0,6.6,11.2,6.6,6.05,5.73,-1.0,-1.0,-0.2
4938,2013,27,4.1,2.6,63.0,7.0,6.6,11.2,6.6,6.05,5.73,-1.0,-1.0,-0.1
4939,2013,32,4.1,2.6,63.0,7.0,6.6,11.2,6.6,6.05,5.73,-1.0,-1.3,-0.4
4947,2013,31,4.1,2.6,63.0,7.0,6.6,11.2,6.6,6.05,5.73,14.0,-0.8,-0.5
4949,2013,29,4.1,2.6,63.0,7.0,6.6,11.2,6.6,6.05,5.73,14.0,3.2,-1.9
4950,2013,28,4.1,2.6,63.0,7.0,6.6,11.2,6.6,6.05,5.73,14.0,-0.7,-1.9
4961,2012,33,6.4,2.8,80.0,7.7,7.7,12.3,3.7,7.17,7.17,11.0,0.3,345.6
4962,2012,29,7.1,1.4,73.0,7.8,8.5,11.6,8.5,6.64,7.33,27.0,4.8,344.6
4963,2012,35,5.3,1.3,83.0,7.6,8.1,12.0,4.1,7.0,7.48,7.0,1.4,340.3
4971,2012,23,3.9,2.5,82.0,8.0,7.6,13.8,6.9,6.96,6.65,72.0,5.8,323.5
4973,2012,22,5.1,1.3,88.0,8.1,8.6,12.4,7.1,7.05,7.47,76.0,6.8,317.5
4978,2012,36,6.3,1.9,71.0,8.0,8.4,11.6,3.5,7.49,7.89,10.0,0.3,311.0
4983,2012,27,5.2,2.3,80.0,7.7,7.7,11.2,4.4,7.01,7.03,16.0,4.1,304.9
5002,2012,32,4.3,2.9,85.0,7.6,7.1,11.5,5.3,6.78,6.35,15.0,1.6,279.9
5003,2012,24,6.6,2.5,67.0,7.9,8.1,12.4,7.7,6.84,7.01,25.0,5.2,277.6
5005,2012,23,3.7,2.9,70.0,7.0,6.4,12.9,6.1,6.18,5.66,19.0,4.1,276.5
5006,2012,24,2.8,2.3,57.0,6.8,6.3,11.4,3.8,6.29,5.81,11.0,3.6,276.6
5026,2012,25,5.1,3.0,59.0,6.9,6.6,11.2,8.0,5.99,5.68,17.0,2.6,250.8
5029,2012,24,4.8,3.0,95.0,7.3,6.9,13.3,4.5,6.68,6.3,13.0,3.6,248.5
5030,2012,27,4.1,1.9,61.0,7.2,7.2,12.0,6.2,6.34,6.33,16.0,0.7,234.9
5031,2012,31,4.9,2.8,80.0,7.4,7.1,12.3,3.4,6.87,6.59,13.0,1.5,232.9
5032,2012,25,3.8,2.4,80.0,6.7,6.4,11.3,6.0,5.92,5.64,21.0,3.4,230.5
5033,2012,31,4.0,2.2,60.0,7.4,7.2,11.5,4.7,6.64,6.47,8.0,-0.4,225.8
5034,2012,33,3.9,2.5,64.0,7.1,6.8,11.6,4.4,6.46,6.14,9.0,2.0,224.3
5035,2012,30,5.8,1.8,82.0,7.3,7.6,11.5,6.3,6.44,6.77,14.0,3.5,223.8
5036,2012,30,4.8,3.2,68.0,6.7,6.3,11.1,5.6,6.05,5.61,20.0,4.1,213.7
5037,2012,31,4.9,2.8,80.0,6.8,6.5,10.7,8.5,5.72,5.45,11.0,1.5,208.2
5038,2012,24,3.7,2.5,65.0,6.1,5.7,9.8,6.2,5.34,4.99,29.0,4.2,194.2
5039,2012,29,4.4,3.2,60.0,7.0,6.4,11.9,8.1,5.9,5.37,24.0,5.7,184.6
5040,2012,24,2.5,2.7,80.0,6.8,6.1,11.7,6.7,5.9,5.23,31.0,4.3,182.9
5041,2012,25,4.6,1.4,57.0,8.3,8.6,13.3,6.8,7.27,7.55,50.0,6.6,174.1
5042,2012,29,2.7,3.3,71.0,6.5,5.6,11.4,5.1,5.87,4.98,25.0,4.1,165.6
5043,2012,32,3.4,2.8,77.0,6.7,6.1,11.6,7.4,5.83,5.27,20.0,5.4,151.7
5044,2012,24,3.2,3.5,71.0,6.9,6.0,12.3,7.4,5.97,5.1,32.0,7.1,132.1
5045,2012,28,6.0,2.3,55.0,8.0,8.1,11.4,9.9,6.61,6.76,24.0,4.3,122.7
5048,2012,26,2.9,4.0,66.0,6.4,5.2,11.7,7.0,5.49,4.36,8.0,1.3,118.1
5052,2012,27,3.6,3.6,81.0,6.8,5.9,12.6,8.3,5.7,4.88,15.0,3.4,114.2
5076,2012,23,3.2,2.2,80.0,6.0,5.7,10.3,7.3,5.01,4.71,10.0,3.1,94.1
5089,2012,23,2.3,1.9,46.0,6.4,6.0,10.6,7.0,5.5,5.13,14.0,3.8,86.2
5091,2012,28,4.4,1.6,46.0,6.4,6.5,10.7,12.9,4.81,4.93,22.0,6.3,84.8
5105,2012,30,2.2,4.3,46.0,6.5,5.0,11.2,6.4,5.73,4.31,21.0,5.4,78.3
5110,2012,37,3.2,2.3,37.0,6.2,5.8,9.9,6.0,5.38,5.02,16.0,2.9,76.5
5172,2012,23,4.1,2.6,63.0,7.0,6.6,11.2,6.6,6.05,5.73,7.0,3.0,63.8
5179,2012,28,1.0,4.1,57.0,5.8,4.2,10.2,9.6,4.67,3.2,12.0,3.5,44.2
5211,2012,24,8.3,6.3,77.0,9.7,8.6,14.1,5.9,8.61,7.53,17.0,7.3,32.8
5222,2012,24,1.0,4.5,40.0,5.6,3.8,10.4,6.9,4.79,3.1,2.0,1.3,31.8
5245,2012,23,6.7,3.3,38.0,5.2,5.0,11.1,6.6,5.17,5.0,9.0,5.1,26.5
5282,2012,32,4.1,1.9,37.0,5.1,4.3,10.9,5.4,4.43,3.63,31.0,31.0,18.0
5283,2012,23,4.1,3.4,25.0,6.2,4.6,10.5,9.4,4.66,3.25,28.0,5.2,18.5
5284,2012,31,3.9,3.9,45.0,5.2,4.2,8.3,10.5,3.79,2.91,13.0,4.0,17.4
5289,2012,38,1.4,5.7,43.0,6.8,4.5,10.6,4.1,6.34,4.15,14.0,3.2,15.0
5291,2012,32,4.1,2.6,63.0,7.0,6.6,11.2,6.6,6.05,5.73,-1.0,-1.0,14.8
5298,2012,27,1.9,3.8,53.0,6.2,4.9,11.0,7.0,5.26,4.04,6.0,6.0,13.8
5309,2012,23,4.1,4.1,28.0,4.4,2.6,8.4,6.6,3.61,1.89,8.0,1.8,12.8
5316,2012,24,3.2,3.2,30.0,6.9,6.1,11.3,26.2,3.4,2.81,15.0,3.8,11.6
5332,2012,27,3.1,3.1,23.0,6.4,5.6,9.3,8.6,5.43,4.71,3.0,3.0,10.5
5334,2012,30,4.1,2.6,63.0,7.0,6.6,11.2,6.6,6.05,5.73,14.0,3.2,9.6
5343,2012,26,4.1,2.6,63.0,7.0,6.6,11.2,6.6,6.05,5.73,15.0,3.8,8.7
5344,2012,28,4.1,2.6,63.0,7.0,6.6,11.2,6.6,6.05,5.73,1.0,-0.6,8.9
5405,2012,29,4.1,3.0,20.0,3.5,2.1,7.2,2.9,3.12,1.79,14.0,3.2,2.6
5412,2012,25,4.1,2.6,63.0,7.0,6.6,11.2,6.6,6.05,5.73,1.0,-0.5,3.4
5413,2012,29,4.1,2.6,63.0,7.0,6.6,11.2,6.6,6.05,5.73,14.0,3.2,2.3
5415,2012,26,4.1,2.6,63.0,7.0,6.6,11.2,6.6,6.05,5.73,19.0,5.7,2.1
5417,2012,27,4.1,2.6,63.0,7.0,6.6,11.2,6.6,6.05,5.73,-1.0,-1.3,2.2
5419,2012,29,4.1,2.6,63.0,7.0,6.6,11.2,6.6,6.05,5.73,14.0,-0.5,2.4
5424,2012,29,4.1,2.6,63.0,7.0,6.6,11.2,6.6,6.05,5.73,14.0,3.2,2.0
5437,2012,29,4.1,2.6,63.0,7.0,6.6,11.2,6.6,6.05,5.73,14.0,3.2,0.6
5458,2012,25,4.1,2.6,63.0,7.0,6.6,11.2,6.6,6.05,5.73,14.0,3.2,1.4
5463,2012,28,4.1,2.6,63.0,7.0,6.6,11.2,6.6,6.05,5.73,-1.0,-1.0,1.1
5468,2012,33,4.1,2.6,63.0,7.0,6.6,11.2,6.6,6.05,5.73,-1.0,-1.0,0.5
5469,2012,29,4.1,2.6,63.0,7.0,6.6,11.2,6.6,6.05,5.73,5.0,2.5,0.1
5472,2012,31,4.1,2.6,63.0,7.0,6.6,11.2,6.6,6.05,5.73,-1.0,-1.5,-0.3
5478,2012,26,4.1,2.6,63.0,7.0,6.6,11.2,6.6,6.05,5.73,-1.0,-1.0,-0.1
5481,2012,22,4.1,2.6,63.0,7.0,6.6,11.2,6.6,6.05,5.73,-1.0,-1.6,-0.8
5482,2012,27,4.1,2.6,63.0,7.0,6.6,11.2,6.6,6.05,5.73,14.0,-0.8,-1.5
5483,2012,24,4.1,2.6,63.0,7.0,6.6,11.2,6.6,6.05,5.73,-1.0,-1.1,-2.2
