Rk,Player,qb_score,Age,Team,Pos,G,GS,Cmp,Att,IAY,IAY/PA,CAY,CAY/Cmp,CAY/PA,CAY/PA_scaled,YAC,YAC/Cmp,Bats,ThAwy,Spikes,Drops,Drop%,BadTh,Bad%,OnTgt,OnTgt%,OnTgt%_scaled,PktTime,Bltz,Hrry,Hits,Prss,Prss%,Scrm,Yds/Scr,Yds/Scr_scaled,Plays,Yds,PassAtt,PassYds,RushAtt,RushYds,PassAtt,PassYds,Awards,-9999
48,Malik Willis,1.63252874,25,GNB,QB,7,2,40,54,414,7.7,276,6.9,5.1,1.93506396,274,6.9,1,1,0,3,5.7,7,13.2,43,81.1,1.352998839,2.3,16,2,2,12,17.4,7,11.3,1.889053324,14,73,9,47,4,26,19,188,,WillMa12
4,Geno Smith,1.161061112,34,SEA,QB,17,17,407,578,3942,6.8,2139,5.3,3.7,0.048511353,2181,5.4,14,20,2,20,3.6,58,10.4,455,81.8,1.507956166,2.4,138,36,57,143,21.9,24,10.7,1.579820764,64,339,58,331,2,8,82,510,,SmitGe00
13,Justin Herbert,1.040562927,26,LAC,QB,17,17,332,504,4326,8.6,2182,6.6,4.3,0.857033899,1688,5.1,10,14,3,32,6.6,67,13.8,388,79.7,1.043084183,2.5,156,20,62,123,21.4,31,10,1.219049444,51,535,42,489,4,46,143,1431,AP MVP-9AP CPoY-12,HerbJu00
1,Joe Burrow,0.983091941,28,CIN,QB,17,17,460,652,4603,7.1,2726,5.9,4.2,0.722280141,2192,4.8,10,20,1,30,4.8,73,11.6,507,80.3,1.17590475,2.2,164,38,69,155,21.5,22,9.3,0.858278125,97,838,89,819,3,19,68,471,PBAP MVP-4AP OPoY-5AP CPoY-1,BurrJo01
22,Jalen Hurts,0.863156065,26,PHI,QB,15,15,248,361,2812,7.8,1528,6.2,4.2,0.722280141,1375,5.5,8,25,1,6,1.8,45,13.4,265,79.1,0.910263617,2.7,126,29,23,90,20.5,39,9.4,0.909816885,98,829,64,628,32,201,71,631,,HurtJa00
16,Lamar Jackson,0.834720661,27,BAL,QB,17,17,316,474,4056,8.6,2087,6.6,4.4,0.991787656,2085,6.6,12,13,5,28,6.1,69,15.1,359,78.7,0.821716572,2.5,162,53,31,107,19.7,45,9,0.703661845,95,724,59,566,32,158,104,1014,PBAP-1AP MVP-2AP OPoY-2,JackLa00
17,Brock Purdy,0.686494537,25,SFO,QB,15,15,300,455,3809,8.4,2220,7.4,4.9,1.665556445,1644,5.5,10,10,5,19,4.3,62,14.1,345,78.4,0.755306289,2.5,142,32,38,101,19.1,44,6.8,-0.430190874,38,374,32,351,2,23,86,896,,PurdBr00
8,Sam Darnold,0.683370584,27,MIN,QB,17,17,361,545,4561,8.4,2566,7.1,4.7,1.396048929,1753,4.9,10,29,1,19,3.7,77,15,400,77.7,0.600348961,2.6,137,52,52,152,24.5,28,7.9,0.136735486,28,218,25,185,3,33,149,1474,PBAP MVP-10AP CPoY-3,DarnSa00
12,Matthew Stafford,0.65600325,36,LAR,QB,16,16,340,517,3696,7.1,2036,6,3.9,0.318018868,1726,5.1,15,15,1,15,3,88,17.6,372,74.3,-0.152300916,2.4,144,31,63,122,22.3,3,12.7,2.610595963,19,154,19,154,0,0,151,1397,,StafMa00
44,Tyler Huntley,0.591494098,26,MIA,QB,5,5,86,133,1037,7.8,477,5.5,3.6,-0.086242405,352,4.1,3,7,1,8,6.4,20,16,101,80.8,1.286588555,2.2,19,9,17,41,25.3,14,7.4,-0.120958314,23,117,17,100,3,17,38,305,,HuntTy01
9,Kyler Murray,0.537144159,27,ARI,QB,17,17,372,541,3669,6.8,1883,5.1,3.5,-0.220996163,1968,5.3,14,19,1,17,3.3,66,12.7,412,79.1,0.910263617,2.4,155,47,23,100,16.3,42,8.7,0.549045565,63,529,53,467,9,62,126,1205,AP CPoY-10,MurrKy00
20,Tua Tagovailoa,0.534898194,26,MIA,QB,11,11,291,399,2281,5.7,1182,4.1,3,-0.894764951,1685,5.8,6,6,2,14,3.6,45,11.5,318,81.3,1.397272361,2.1,64,26,11,58,13.6,7,8.1,0.239813005,72,673,69,662,1,11,69,505,,TagoTu00
5,Baker Mayfield,0.515490696,29,TAM,QB,17,17,407,570,3966,7,2061,5.1,3.6,-0.086242405,2439,6,14,7,1,27,4.8,63,11.2,442,78.6,0.799579811,2.2,175,49,20,109,16.7,44,8.7,0.549045565,49,432,45,424,2,8,117,1087,PBAP MVP-11AP OPoY-11,MayfBa00
15,Jayden Daniels,0.427597473,24,WAS,QB,17,17,331,480,3526,7.3,1788,5.4,3.7,0.048511353,1780,5.4,12,15,2,20,4.3,67,14.5,362,78.2,0.711032767,2.4,153,36,28,111,18.5,73,8.1,0.239813005,112,805,79,605,27,200,86,709,PBAP MVP-7AP OPoY-17AP ORoY-1,DaniJa02
10,Jared Goff,0.269860146,30,DET,QB,17,17,390,539,3390,6.3,1994,5.1,3.7,0.048511353,2635,6.8,4,24,3,11,2.1,69,13.5,412,80.5,1.220178272,2.3,143,34,57,122,20.9,14,4.9,-1.409427313,14,94,12,91,1,3,203,2060,PBAP MVP-5AP OPoY-9,GoffJa00
35,Joe Flacco,0.265267623,39,IND,QB,8,6,162,248,2183,8.8,1110,6.9,4.5,1.126541414,651,4,5,6,0,11,4.5,42,17.4,178,73.6,-0.307258244,2.3,61,13,18,49,18.2,3,8.7,0.549045565,51,494,46,494,0,0,64,530,,FlacJo00
49,Joshua Dobbs,0.261701149,29,SFO,QB,2,1,32,47,367,7.8,260,8.1,5.5,2.474078991,101,3.2,0,0,1,1,2.2,9,19.6,34,73.9,-0.240847961,2.2,10,6,2,10,18.9,4,5.8,-0.945578473,6,31,3,25,2,6,3,36,,DobbJo00
25,Russell Wilson,0.187700351,36,PIT,QB,11,11,214,336,2639,7.9,1360,6.4,4,0.452772626,1122,5.2,6,25,2,14,4.5,52,16.8,236,76.4,0.312571067,2.4,91,27,45,105,26.9,21,7,-0.327113354,23,92,19,77,3,15,79,694,PBAP CPoY-14,WilsRu00
24,Drake Maye,0.153749875,22,NWE,QB,13,12,225,338,2442,7.2,1084,4.8,3.2,-0.625257436,1192,5.3,7,14,1,11,3.4,53,16.4,246,76.2,0.268297545,2.3,96,23,26,83,19.9,45,9,0.703661845,37,337,30,270,5,67,48,352,PBAP ORoY-8,MayeDr00
31,Trevor Lawrence,0.131650985,25,JAX,QB,10,10,172,284,2641,9.3,1211,7,4.3,0.857033899,834,4.8,4,9,1,15,5.5,47,17.2,202,73.7,-0.285121483,2.4,71,13,17,48,15.2,13,8.1,0.239813005,35,302,32,286,3,16,59,620,,LawrTr00
18,Kirk Cousins,0.123617949,36,ATL,QB,14,14,303,453,3392,7.5,1821,6,4,0.452772626,1687,5.6,15,12,4,16,3.7,51,11.7,340,77.8,0.622485722,2.4,106,25,47,100,20.7,3,5.3,-1.203272273,8,28,7,30,1,-2,64,461,AP CPoY-13,CousKi00
14,Josh Allen,0.120661615,28,BUF,QB,17,17,307,483,3836,7.9,1726,5.6,3.6,-0.086242405,2005,6.5,9,22,1,20,4.3,86,18.7,344,74.8,-0.041617111,2.4,136,37,37,88,16.4,41,8.9,0.652123085,51,404,39,335,11,69,90,794,PBAP-2AP MVP-1AP OPoY-6,AlleJo02
3,Patrick Mahomes,0.109359471,29,KAN,QB,16,16,392,581,3601,6.2,1628,4.2,2.8,-1.164272466,2300,5.9,10,26,2,26,4.7,87,15.7,425,76.9,0.423254872,2.3,140,46,70,152,23.3,36,9.1,0.755200605,98,716,97,712,1,4,101,818,AP MVP-6AP OPoY-17,MahoPa00
23,Daniel Jones,0.090662342,27,NYG,QB,10,10,216,341,2443,7.2,1126,5.2,3.3,-0.490503678,944,4.4,7,17,4,24,7.5,40,12.5,254,79.4,0.9766739,2.4,89,21,44,94,24.5,14,5.5,-1.100194753,33,206,25,166,8,40,68,473,,JoneDa05
32,Derek Carr,0.063335784,33,NOR,QB,10,10,189,279,2167,7.8,1058,5.6,3.8,0.18326511,1087,5.8,5,17,0,10,3.8,37,14.1,201,76.7,0.37898135,2.4,79,42,21,71,24.1,8,6.3,-0.687884674,11,153,10,144,1,9,71,779,,CarrDe02
6,Bo Nix,-0.101277902,24,DEN,QB,17,17,376,567,4116,7.3,1703,4.5,3,-0.894764951,2072,5.5,16,18,1,32,5.8,83,15.1,420,76.6,0.356844589,2.5,148,44,34,102,15.9,50,7.2,-0.224035834,92,737,80,692,11,45,117,718,AP ORoY-3,NixxBo00
39,Deshaun Watson,-0.119557878,29,CLE,QB,7,7,137,216,1523,7.1,564,4.1,2.6,-1.433779982,584,4.3,5,5,0,20,9.5,34,16.1,166,78.7,0.821716572,2.6,72,16,37,86,31.9,21,6.3,-0.687884674,32,123,20,110,4,13,48,252,,WatsDe00
19,Jordan Love,-0.119914697,26,GNB,QB,15,15,268,425,3685,8.7,1735,6.5,4.1,0.587526383,1654,6.2,6,14,0,30,7.3,75,18.2,301,73.2,-0.395805289,2.4,142,37,49,100,22.2,12,7.1,-0.275574594,48,342,48,342,0,0,89,825,,LoveJo03
38,Mason Rudolph,-0.127154566,29,TEN,QB,8,5,146,228,1591,7,874,6,3.8,0.18326511,656,4.5,5,10,3,9,4.2,39,18.1,157,73,-0.440078811,2.6,38,15,23,49,19.6,11,8,0.188274246,16,97,14,84,2,13,42,302,,RudoMa00
28,Will Levis,-0.13424928,25,TEN,QB,12,12,190,301,2575,8.6,1150,6.1,3.8,0.18326511,941,5,4,8,0,19,6.5,55,18.8,217,74.1,-0.196574439,2.4,69,15,34,90,24.9,19,7,-0.327113354,31,283,25,258,6,25,67,535,,LeviWi00
42,Justin Fields,-0.192203564,25,PIT,QB,10,6,106,161,1235,7.7,586,5.5,3.6,-0.086242405,520,4.9,3,8,1,7,4.6,24,15.8,114,75,0.002656411,2.5,48,11,16,43,22.2,17,6.3,-0.687884674,14,49,7,20,7,29,44,229,,FielJu00
11,C.J. Stroud,-0.214877265,23,HOU,QB,17,17,336,532,4376,8.2,2063,6.1,3.9,0.318018868,1664,5,8,22,1,26,5.1,95,18.7,373,73.3,-0.373668527,2.5,154,66,56,174,28,37,6.8,-0.430190874,42,330,38,322,1,8,123,1011,,StroCJ00
41,Jacoby Brissett,-0.248066636,32,NWE,QB,8,5,95,161,1038,6.4,389,4.1,2.4,-1.703287497,437,4.6,1,7,1,13,8.5,29,19,118,77.1,0.467528394,2.4,55,16,28,62,33,9,7.2,-0.224035834,12,66,11,69,1,-3,21,139,,BrisJa00
40,Drew Lock,-0.2788611,28,NYG,QB,8,5,107,181,1147,6.3,460,4.3,2.5,-1.568533739,611,5.7,8,4,1,7,4,33,18.8,122,69.3,-1.259138972,2.4,29,18,24,54,26.6,10,13.4,2.971367283,15,113,12,113,1,0,31,234,,LockDr00
36,Aidan O'Connell,-0.303569465,26,LVR,QB,9,7,154,243,1915,7.9,881,5.7,3.6,-0.086242405,731,4.7,5,9,1,6,2.6,49,21,166,71.2,-0.838540511,2.4,50,27,19,56,21.9,3,8.7,0.549045565,20,183,19,174,1,9,46,305,,OConAi00
2,Aaron Rodgers,-0.326107608,41,NYJ,QB,17,17,368,584,3996,6.8,1778,4.8,3,-0.894764951,2119,5.8,13,16,0,39,6.9,98,17.3,429,75.5,0.113340217,2.3,141,35,52,127,19.8,16,6.4,-0.636345914,87,723,85,715,1,8,112,733,AP CPoY-7,RodgAa00
27,Gardner Minshew II,-0.364591154,28,LVR,QB,10,9,203,306,1828,6,914,4.5,3,-0.894764951,1099,5.4,10,22,3,8,2.8,38,13.5,214,76.2,0.268297545,2.2,109,25,27,81,23.4,11,5.5,-1.100194753,35,152,32,152,0,0,52,396,,MinsGa00
43,Andy Dalton,-0.387264855,37,CAR,QB,6,5,106,160,1068,6.7,530,5,3.3,-0.490503678,459,4.3,5,3,0,9,5.7,21,13.4,117,74.5,-0.108027394,2.2,56,10,11,28,16.2,6,6,-0.842500953,22,130,22,130,0,0,33,198,,DaltAn00
21,Bryce Young,-0.424326782,23,CAR,QB,14,12,234,384,3298,8.6,1434,6.1,3.7,0.048511353,969,4.1,1,25,0,15,4.2,80,22.3,258,71.9,-0.683583183,2.3,136,53,38,120,26.7,37,6.9,-0.378652114,41,200,36,198,2,2,70,451,,YounBr01
29,Jameis Winston,-0.428888125,30,CLE,QB,12,7,181,296,2632,8.9,1356,7.5,4.6,1.261295172,765,4.2,11,4,1,13,4.5,52,17.9,205,70.4,-1.015634599,2.4,61,23,24,71,21.6,8,5.8,-0.945578473,25,193,20,163,4,30,51,610,,WinsJa00
30,Dak Prescott,-0.447117365,31,DAL,QB,8,8,185,286,2255,7.9,1039,5.6,3.6,-0.086242405,939,5.1,6,5,2,6,2.2,50,17.9,199,71.3,-0.816403749,2.3,62,31,28,80,25.6,6,7.5,-0.069419554,32,200,29,200,1,0,42,312,,PresDa01
7,Caleb Williams,-0.475957055,23,CHI,QB,17,17,351,562,4443,7.9,1675,4.8,3,-0.894764951,1866,5.3,9,36,4,20,3.8,110,21.1,378,72.4,-0.572899377,2.4,174,52,40,160,23.5,51,7.9,0.136735486,53,335,34,268,13,67,85,626,AP ORoY-10,WillCa03
37,Spencer Rattler,-0.51114903,24,NOR,QB,7,6,130,228,1831,8,675,5.2,3,-0.894764951,642,4.9,6,13,1,15,7,39,18.2,153,71.5,-0.772130227,2.4,61,16,16,54,20.5,14,8.4,0.394429285,14,93,12,65,1,28,33,284,,RattSp00
34,Mac Jones,-0.634518728,26,JAX,QB,10,7,171,262,1869,7.1,764,4.5,2.9,-1.029518709,908,5.3,5,12,0,7,2.8,45,18,184,73.6,-0.307258244,2.3,62,9,18,41,14.1,14,5.9,-0.894039713,27,170,26,170,0,0,33,234,,JoneMa05
46,Michael Penix,-1.034184055,24,ATL,QB,5,3,61,105,1057,10.1,504,8.3,4.8,1.530802687,271,4.4,1,2,0,7,6.8,23,22.3,69,67,-1.768284477,2.3,32,4,8,16,14.2,4,3.5,-2.130969952,2,6,2,6,0,0,17,120,,PeniMi00
47,Desmond Ridder,-1.144997245,25,LVR,QB,6,1,52,85,687,8.1,257,4.9,3,-0.894764951,201,3.9,1,4,1,2,2.5,15,18.8,55,68.8,-1.369822777,2.2,21,6,9,25,24.8,6,5.8,-0.945578473,8,19,6,18,2,1,4,19,,RiddDe00
45,Dorian Thompson-Robinson,-1.150117628,25,CLE,QB,7,2,61,118,716,6.1,189,3.1,1.6,-2.781317558,251,4.1,1,10,0,11,10.2,19,17.6,78,72.2,-0.6171729,2.2,24,7,18,33,25,6,6.5,-0.584807154,32,166,23,82,7,84,11,36,,ThomDo02
26,Cooper Rush,-1.335118273,31,DAL,QB,12,8,187,308,2077,6.7,902,4.8,2.9,-1.029518709,942,5,17,5,1,13,4.3,55,18.2,208,68.9,-1.347686016,2.3,68,25,19,57,17.5,4,4.5,-1.615582353,35,199,31,194,3,5,41,268,,RushCo00
33,Anthony Richardson,-1.65064569,22,IND,QB,11,11,126,264,3210,12.2,1038,8.2,3.9,0.318018868,776,6.2,5,12,2,12,4.8,70,28,145,58,-3.760592976,2.4,67,35,30,79,26.4,21,8.8,0.600584325,69,555,49,447,18,108,77,708,AP CPoY-25,RichAn03
50,Tanner McKee,-1.754172422,24,PHI,QB,2,1,30,45,296,6.6,185,6.2,4.1,0.587526383,138,4.6,1,0,0,0,0,9,20,30,66.7,-1.83469476,2.3,17,0,5,7,14.9,0,,-3.93482655,6,58,6,58,0,0,12,97,,McKeTa01